ID;Name;PasswordChars;PasswordLength;Password;Hint1;Hint2;Hint3;Hint4;Hint5;Hint6;Hint7;Hint8;Hint9;Hint10
1;Sophia;ABCDEFGHIJKL;12;da10e494e4eee7c1e0ae32b400a2b0b4e5885badb41458679a6c2e07b0ea6408;fc93ad3406de088e9c23adaca4c2574f356ea0ebb0d08fea0eade55a2354b885;cff02e8c6511919eb7cf8bec50c00fb883486b3300c34d3bae27baa8d6ff4523;428fe531c123ab385375e36a0a6308c077ba49055a3aece994b071312e539c0d;3be688a99181fd3966ef20d031797595481fb60822c16d9b9731731553747352;5222d34f9598dac2199881375bb448aef648104a0a4adfe7f6c733474609cd30;aa2c930068649c6a790f8a278723d2b1cedbf8e871661a8b920eefcd627e30aa;e98390d3ab7a3b6ff2e18de5c6ae48bb4c322e08fe9aa3c9339ebf7739dbf8f6;5530426672d689e1e03e5806a4bfd3a80c3a235f7e600c4393283c0528ae7ec4;c0801c5827eb7c5866cfbbf81386545fe4dec69671e40b66e59a8d8fee262102;ea4e3a150a9e0db873943ef305a9d645d85f858c55cf02679f561604ef392986
2;Jackson;ABCDEFGHIJKL;12;7742fca963c5711fc24dd1e822aa0a75a532dbc2120a2f96009b62f3e0b73f14;db61ad8b86f60963dedebb1d130ad64f36e6b4369e8a14d669707c5b21b17919;29bca5623642de8b570bcb68ae9ef8f4ead84c35f53c7bbf686ff1750b2e9f01;ff515e7808156e8c3183fc3a926635ebda638a348cfa598df0327bc0bcf88e64;d66a02b36dffa526d8fdc2eca6600f99fab7c696d658ee9b4633972de77951f4;0359d188b9556a5647bf1c548ce5372ccea52b89fc97ddbacf7dbbae07b7da46;346981430f57ea05b62d4c565021cf0cf332730139d8526e2e1698c0a9adc469;f04f45d6c8c73e7f14d94587d8c656e2488429e823b66311323b1aa148604f26;1dec0d94fa1dff3b2fc29b3830168ccd9979f28040e274a1fa3beef71b5d00ac;ed913147cc10f59ece394f0a17249949f92fcd7ec2e548162f523c74fac9214c;b15f153eab8865be7ccb00ab9ea8e1c96a809474597be41fd04e1bebb8c03f73
3;Olivia;ABCDEFGHIJKL;12;9e105815104e8dbb8d464d8e0f8d4fa978bd5a9138938b38463c1fb5b9c9b327;037e64f6849b96ac603f6a899ee31035a4ebaaaff19cf02dada586f4b2be198a;de5fa55247bab5d71636e191a211c044d682a02f882b5ddddd3376e86be4ff4c;5fcbe8059d1bb767a1df62e42ce05140a924f189fa743a8f4057f3249eaf0b6d;41c46fade8615d3dc16c1004d57dd5ab76c81c40e311631e813e9cf72ffc43d1;c6e14f5bddd842ca171cd7422a354d67c602e88d0e070f809b46621061c6e589;6dc5a9c67f6094006033f1a2d75127fbcf63a4207f076496158d1d86e99255af;33eb20d2eaef1a7e8395dada3a0bc25e452e9d86325d69f3d02f7fea7be2574b;885f34c8b62fbceffded2390031e5198866ca87dde54e87d084f4cca42e11aec;bd20cbf845cefb2817cfb6612d8e67022d5a19d54e7ec1bd4c9990bcea273846;8a1f40f600666ba76c4718aae4c8c77f734aa67e658a4aa3d1b31e15d188421d
4;Liam;ABCDEFGHIJKL;12;b56a88e5c1e1a8a3b9beb27fb05161d88ff3f3fb53b6f88651a323222f44e6d0;4c778c62f2320680c4b024fe2e1c8478c0c7a90d4bb92e8b7cfde3e805604381;90855fa894e64dc85b2bb11dfb0a57529ef508c9b8666dad4709d54e5aa06589;b1ec583d21253033c90e93e8652ce36313b6a178f10cbb665149dc2f84ad6e07;b12232030bd1da695fdecb268228e2ee1aba2afc73f6bd1bfc2f9ff713547d3e;0dcb053d737d7595c165fc6f80d998ad0149765c07782827e6fc1223e88acb2d;54513780eac19f44e33439b3356af50392e9195093d498cb5f79e76cd2037953;5e83d6f4357760e800598d25c525f62997d24cb06c56ba1435ac3d51034a28aa;fec7741cb0afb540c76a1ccdeef9f9d0fdf2416477a3663f10528d9665126b86;ad4677468ad55bd2acc4b871f7279f2a63da8db4f36215ffc6f22ef594e76959;3b2f5dd44a80d8e87db7ab8f2fddffb42c7ca9898ffb5ea4def7966741afe554
5;Emma;ABCDEFGHIJKL;12;dfa24dc9487e689d15635593272525481b8303f31006c33fd8af769758aa88a4;aefe6c85c178a03cf3d05d764767eaf38d0cad7b69b2ee84f730afd44db4aeab;eca8231e386daf7cd77da1ce1917e8c68265c7bea23e8bc29e2a47a6505a744d;9c415c50ac2b84e1111fbe6a047b49147c655d185313b5e95e03f722319dcd19;33df6222d657a0b925bf386f13a57f2aef62f16a9161f11e22847e994db627c3;29e2a1135e45157488149c2b030867e94fdf840263f626ce8197d7ac63612109;880acc8ed4e8bca10a2fa71cfad39fb47dc99d1866695f4ce5b11a37b435d06e;d5ea2e0d75d1ae4dc2a0babb56999159c801d2b3e282366943b67552631e93db;0986eae56c7a727b42a458440e0f38e01a07331479858d9bf32375554927dc4d;aad964cbb57e2661c45488a2d602b1dde078b462b7fdfed51288dcd3d252de3a;664ef463a92a41898af78609f1c846db66651542e8880a202e73e19fe89ff74a
6;Noah;ABCDEFGHIJKL;12;4882db41f560b4db21b3c6d35f989fb22e69a208a7da5dc8ed1c2b0a20244959;479ae2463705bb8d625e46a62565c4136bc72ecfeab806b82ba037d70ef3c8a1;ee1f50a992c0ed1ef8dc468ab9b6d01d0848ebc98fe581a97271aebdbea76345;1923760bea33380afe8f8ac4a1e3d0a4458cfea5c478db0be22aa127cc33ca9e;9d78c1569ea2172e0435458152c31bf206b8a1121f863f6d344eec1b1f09119f;c6844ad3fc69837de17eaca0096f5035167fef89de88b86b44fa4f87ae19e7b8;933141a813bd553e3ad96924149eaf8451af80c97711912c47c238e0126629d5;63967ee05a8d0f021947132b96dfa274b5c1a34e0d8fbfaacb0f7d7c227c9c77;a26d5004972185f57ed7340655f332208a6c146e875a4991574dbebcaadeb50b;8a2838e9c12853d65790174dba081039dc3dda81bc3c767a4b991fdca2db4723;be4c0b4c140b6905c3b7746bc254f9ed274bd7a840e3777b620d2e7b4f1c5e26
7;Ava;ABCDEFGHIJKL;12;7914c2cd2b04d57ed2d427e860ca0499fb897702488b43fa807f8a6a0bed148c;9afeab95b412cc5a38bda05e767228f331b3a76f7b188bdea11df6c90ad03551;eb7e7608b6975444160b23a069802ede2db2cf9417f0eedc1376616334628585;b9076eef8a3af1273bd79b9010035c56e442af02633a83e50b7a1b75a5e9a449;21eb4fb2d4b10cb333fdce31d607d160a0a2b483f15b88ff17a937f3a0a7a280;e52aa14f1ede2ddfcf9478a960d6a6739db57c41e8d0124e559033cb250a3b26;942e3373a334d6e7644c9cb97d2dae5b6d2b54e64476d4011c2e785469ca2e58;6f31b2817a2d06b9896f011c6f5a40c6948c11842d053d84e05fb45cfd2d88e0;d8e44af94742fd7b51589c66f404826e25794f3aeebd4ef65ee0bab73f326a54;1fb9eb5aa9f7e329ea486e2203267f7ee7bcd3c8bbcb7688ad857e4de372a974;ccd79e59998827468633ad665965a25c71a5790b468f3b26dbbc41e6e52a6009
8;Aiden;ABCDEFGHIJKL;12;ef0f639b63a5d4cb4710f0e63d2708eb3ef7cc2d957833c0f3166b8fb2dddc2e;35a84bf94db34e9e9c37c7988f58cacda9646c658e1be76dc3ecb5307fe80088;cee5263561e9a404acf2771e31ccd61ec9ecdbcc60da929481f57f7115180266;c3e310c6042d359e1631ce493b8a6dd6f5d9ea098f6f768198dc12938f1a6afd;94ffa4d4ecec512ce15bdffacdfea2b380e37b0761521e08e4de1af5b7e70743;17cf83524beefb6f52db2c26c7b36435b3a0d508b37a52d78eaa38b53884ed27;ac2750f379c734651bbf7e593773bf8ea0a65a66584b30c11bcccdc27e8c27eb;34ed31b8957d57e97c33f28ab0338e7903f243e1f9b7fd93d473529e6528ebd9;33fd55f12c764d30b4f84a1d81dacfe01197ac7eb6f9f78d1330792ce41e1e0d;09693339e61f2a135f0036150d0e23f8ed174fe73071006ee550a006939f17b1;4222dee84232c636aa8857c5adf89515333fd3657eeb044efdad096ada15dda0
9;Isabella;ABCDEFGHIJKL;12;0e300939bc998c21854f4aa6148aa6aa1b0b005c47c49ff11faed38cb4d78c64;17ae5e83e25f0ba95b5d8ab827c1cc9f1aefd84e7081e582e923c1ef54a5a117;c8af60dc68a24d5b018a60fedef595167a5946bd28a0003fddbe23a064368c48;506fc0dc6d0a5957f0f24519d75ce72f1e7d722814ff7f3567ab08fa4edd58f0;e541f00a69000bc6a51bfe547195e1a0aa1f69d73a63986bfbab3305c118a161;69422c0e0cd411db990763a27aae03b2006d81ea0b5ff28fe11fc6c0e735db56;fae0c301f0b18eb8179656ba7337553a7a5ad3a76f4fed554e3ddb2597dd2d08;a62fa059c716a767b00b17d1b7851c4bebe2b1e2026abeabfe46aa3b81d86002;2f1cda5180262f4661f44e69fe5c0ecc0f24d1fb4c9ecb1f74dde802331aaba1;95517f6db37cdd25622201ec457eea3669308ac61697c195dd703c6937985e06;95a4f0d35c87117692c57be07d3d0a9f11e5c4c137f7415802e498d2e6168cda
10;Lucas;ABCDEFGHIJKL;12;fb643ec421950e30acbf326e7918039c41e8eae2896b19009c04ef13435f025a;213fc325122a73e047918315d02132e263fc5798493383caf8dfbe3b3e7d036b;430a135c9d870310b4e667f1194f615becc6aba643d7324db2acb494e9ab59ef;5398b3eedfd8a3d3900eeaf79bfdde7e7ee840192d97e0f6c3694a6c97026d61;8ab22924c9445c9aa6cc2110af478bb1e6bd862cb2beeff97f9120427d61cf34;71dd9e1d514f7cee77014dece666793bba11dd24fae3dae339126fbf31db6e33;11bc1122abdf19ba62e890af8ff955f697c97d53c94bb6834f698b352d45b023;0f60d57f445db78bdd832ee2ed91386608e196e62f620d4df1899530cf6fea5c;2ac714df6255787b07a3e0e0749749684dfd77bfbde3e571f6747466b034949b;a541832343cd91fe30b4cc604d000142108c02afee91e8ef230ce3fe7205262c;11ed1c6a7d8272f40a4f56cc39d272a2a788b9850514da39d5bb5f4693f480f5
11;Mia;ABCDEFGHIJKL;12;5145f3e069333b84e866fbf4557eac7fd064f11616e0795c70beeccc278e09a9;2db763060ec2b0bd9866fbe713257620cd4b42600e027f5b55347caa9c3e2b0d;d709c09495e6c02a6ddc9c85952a015aa6471ece58eab1a86b3cfe15efda588d;84a520715d4e62f98de425b7fcc12d4afafc84fe95871ddb317d38fc302f338e;c7f7afce72fae00c03ab79e35d7d1c24911f2aa47ed3e8a3419a35b4815f3b9f;909f51b0ee535671d4610c837403f8e2d01f2f82332dcaa44c39ff5b837777ce;338b0edcba77687e8762558b4b6f703908b6f027b3de2814e13a1484027835fb;2b58cbaf553fe81f73a7f5b57027c9444ae62174a16c148c78a23870ca097753;fa76a40d9684edd3273bdcf69755fa9300e55c3711afc591a71858e6b9fb6455;1bfd92fdda78802de1e6171d48c77d0378b0af1b3b603693eaa77e36f00437e5;e0b67a337382269b898246c2197e61d59824e7f3d7e66e49ce20e592ec548216
12;Caden;ABCDEFGHIJKL;12;0321bcfe307b9215fdc8af2b0dccbffde28ee3029dda3e1c98a67eb500a9b6ad;90d2c26ee5986d8bc75d82e52bbe1c90fd7defd8df286c3a546396df034d4ec4;8c18626e2d8e51bded14fbaf5f6c802a5b06947b0bdb350c29e596c4346159c0;15381130823592537850e0a1808f44bdfb04e394090c0005a9a3410f328a490a;254a617bdbd2099959211c6e80e777c65dde925a3211aace7a1e3600c9ca55e1;9ec2ae0094a2a414b3d8dd3cf423d76dcd5bc077af3a3147c49c7a30860e94d5;d511ac10235b5cb75cdf8fbe20ae4c0cab198e60023f6036f5093ff9902c9628;2c7c41d8a8ee7d2dff3cbd78318bc18e92bdedd4bb2c1b5a27bad28a869a4dc9;460f1c8e70518b0d5ef339a5a2d0d4e3b3282990a554308ff2f89aa142e6e05b;f83c723544a9f73fa3c057537d135198ebb8c649b3e4370e75288afffd156375;50c0dea78b652578cf74a1508d2c9ec832a0efdcf1df727ee4e1b256623c1e64
13;Aria;ABCDEFGHIJKL;12;1e3c404b4fdc7c3c4a60f5ed3e07504e666430f217854cb7082f6eb0fcef0125;748a0ff51277656c598df092a936d7e524d74308d75af6b6dc72eaa9225ef386;844f1d2998f904b3c251bdc12d6adc726b45c2ede0c9f1902313868055d8ed4d;110bbd2c315eb03c51115e835cd06bf8a0563181f577df0d97dda612e8d48cc4;637f68f2abf76a5735793a71652fd2a75e1c699861b7cb27b96ea7adcb36f13c;fb8116cad5292b89099cb7daa3df65cb104f93f34c6172b74c2848cc685dd1b5;9df9cafb6c837e807308c3f2555a0a25ce958030d1534ce0086f6c6d4d7e4aaf;4e405925073763b1db5ba7abadf9b74947ba6a9d3f8b4d2968b5f89ff2fa6c6c;f0a6b0f35460e69b1a7734d9119a5686413870cd20b24e4e1d58dccab114c55c;ed356f68a053b5a7c3b550b30e0853e6974b248dee4d5705f2c481682eeb3bb3;261b6e338b3d51e4855e6b468d1ef2032c6be6e1db09e251397e2bbec95d62c0
14;Grayson;ABCDEFGHIJKL;12;f66d1326a27d9e394edde462abe359d36d6bb03e0c166ed03eedc31d53c21350;8d0cb83824161b1cfd376627814d5d8959c602d6df4c7e105d29776c9302282e;96b0c5bb6327951d13ec2371a4f389c10fa202806e02622c15fc6b32b4f0710a;e5b2e28e460448c40b307c9c1c32e8e99615038e4d76544b873ef212c066690d;2875562e670cb387f539ce6faad0da2cfcbe1f90933a6a5be5f01b26ec3874de;3b58554360fd4216e4ef67cd56f90b4b3bed45e88c7eb34c8768959b2a23891a;9e591b1edc34af5d6291ae6f61490e827bebaefd860780707fe7edd480ea28e0;b087f3613cb8325fc11f826e1f50815645e43e1a2bc72a004b83215da6217c68;ecf2fcfea54440597f57c738693714caf85610c1db28598227b8dc36d0cb4f01;467eb015992f51beb876edb71a3ceb1110e5a8db4153f18109f4fd46443b3363;beeafde89105532cd83c88eadc17674a76af1002d8d77fd4f1aed5424b633b28
15;Riley;ABCDEFGHIJKL;12;a4b20e13b58eb08ede962f42a8dd4322bec614c056d317ef5547754e3bd71aa4;56c3222433e36a4c692249e15c060aee63a9617de98dccc5725b728a02117db1;15fde5f18169c80910e5ff6c49d732b45352041f40e396dd08b9583b0226110b;b9cd256a72d9ffc845ff3ff0f4811aa1c9454d8b5fa991d16c7315c16c4da0a5;0de3487dfd4309ef55414f73d30538fd2c018e18c058674a7c324e9cdc9c42ad;5e9702dce93d8c160d25a02e84c9cf0d165dd67da9ec9c25deed9d7fb4284f1f;f4b52202dbb3e1ec21ce1b018986a2180a20b51d31c7d1595fda66e5a369ebcf;b118b625403866ada6b398c0719e0ef93cea7d865b4447b91666131558817dd0;232fc044d0784448e1d3e1366c5150f61ff6c93f39ae55d1c86b12e08e5a7c84;17d6c0c29dd085bdbb4639d1850cef51e22ea56674ac72e3a412a2320503839d;707f3693496b3b1fd11b8f3d262d1006b6177b4e6fbbe758084ef3e9523b9c8a
16;Mason;ABCDEFGHIJKL;12;142e77a44402182f25512e4bbc941f4c89ed4021914ac70dd220a36cba4d76c6;9e40de4902efc39b0ea81825fe2c4f8b34edd8f79b9a0c7bf50ec860a88afb35;44fd7b18de2afa98a6fbe52d422053b9e68b42a9272fd239e7ae1540173bd4e2;8da0f9a0e8515fd8167a0a85ec6d7d1b428ac7e1dfcbccc71333a47d98eade83;4a6766cb1360d335b586f72e309673b458d398392bb98c14be4ff9c8784ccc36;c4fcf8f5f9152b062303e05107a759bba5a4fe9d6d1366f4e10c33afe7a7221c;cff3b428f1b833c78a6b3cb1344c0f3030a4b7d17493e7deeff98e888479c0be;7c0cea916f2c724be8402d896478c071d8cf0a73947dfd8902ff01376babb7b5;c36e8e703e7fd965659e47ae8c4ae4e461c2c926d6c2965bcf44daac00c3de62;b21c162555ba2aae5cc131c5fa58a3d501d86cfc6104285993382e71db2ce3a5;159bc94738f9544db74583e3654cdacf947b471bd9145b3a846871b17bb72a95
17;Zoe;ABCDEFGHIJKL;12;d170cb08008af0106e6befcc1b794a41676d8ad1c295a0b26496585ad10258d1;b10df92253c93639cd1376e9e48f36cfa5ed3817ce06f84749143065afb7a759;c5225a5da78b2be0ea8cc083d4eb157983d2fa74a257c51d323c7a9b1b5be3bc;505e6c47bab113988d7aaa7869b0c07ff2611afd9acd258ad70ffcf8cc1e9973;5517c46019153332c089e36799dd554f740a00e396ab23bf9c9496134b43c55e;6b00db3758107660bb8f947f1455d33c19406e428bffd311b810d1d2047e8505;8ec84cffa6c706d7ad411d62e8d7d4a6dce659f5cf97f834fe3f1276dcb9f64b;fc6b7d74a2edce7b26183bc10ccc462f1631dc9b9ab46d27c1ca432bcf965384;cfb26676affeb76c6e5fc2b4d82e38545b6cb03bc578129c760a3d85bb1334c4;9daed0d356ba973b67a3610ed2c85cc1f8d041bee8a21defcc386aae308f6710;f22e6a07ff13652f8545d7e9672c8bf0ac02718270edee5b2c27fe2c838c1b80
18;Elijah;ABCDEFGHIJKL;12;2b76c582fdfb7200a2c1786b563386f4b6a614224d84fb7a7adae61f625668b9;7d3b277ff92f6b40ba16f22514bd8d30505106afc1e9b2f29c36f841ab393f28;66c0a3c65ede29ffed3d4e5e8e1d3b49400ed3d3e9c4f467a27b24267f0fc45b;b08e3a288af41931a02882c5703bc1b6747b5fab0577b679a93e35a6b53b88df;ce4fdd17d471cea567580f3bf91d77292c1a972dd05b42b6c3e3bffc60e89766;b4116d7855efd5c4f063feadfcd16d6fbcd9d45e667e27befa669247e77edf45;ad96ef0f70e8debe7228e1ff7fe67de8b305aefedaf4422885a876b311b62da3;c897c6e66e7be72e9dc2630c659cbdfc770cd029837b09798dac2df28d6b6d14;e4cc5256d5c7977b8631dc45273454a2b7cd3e80620836d10bd04ad7d31bbc24;8c44f18838c9576de7effe0e599b730bfcc4a03b5381f4e2924375c09359dbf2;211d1e52e3d15d815725ef7e7beb4ab84d3f2793228f8c765147a2d866304c06
19;Amelia;ABCDEFGHIJKL;12;09e22eeb480aa7e1d2d4655ca389b6254aef72d20f1f5d636c096c1ac9558780;ac7dd3a9419363d305669d3b955236ea39325120311e293d465b5dd678625315;c0c486002dd24ab271f05fe1fb56c5dcaca0f58f9c5148c6ddf608d07d0bd06e;4051780549cac3b59c6c10ff2eba07ebc93e2cd1a18148332ee12a8413cb57f8;d63c48c58c8668c1b55e11c9754e226b64f14b0fff63ecdfc0a8b64d95dd3549;df617bb9ec95ee7a2489ca5391effa60c6d8d88bcd11c8e0be663c5c981dd996;70c1ab7b835267a33416f83dbd7e30d6abee3d20be2c4d9707afe4b25698b7dd;fb86a4849840b654c85e9d4a08e6d77a0b68f0a61a1d5a179b2c9846043dcf1e;8561744fb1af8f5778d094f004d4748d9d2f612304782787c79939320e3647c2;a48920eafe67348c0d8d892d65d85c017503f3b79a65da662169c251acf33290;4289ca03d7623c79212b3029a9e4cb4870ef09502d4367a5cceef86cac634df9
20;Logan;ABCDEFGHIJKL;12;f74a58c32cd40c38ad4c09a325c032fe5bd5747e9137b82136f32736dd6b852f;a48c301c9a087b8e16e4383aa784cfae11060859d8a314d77b490c9184f6b9a6;624a846d2f986ba2353a01b4036b7add9e0400857a5e2eced518ac78b7dc8ee2;deb4667f428933d0179c26219d177b00602845b5ffcee6bd70ad25294a97cd04;f9fb4fb2f935b5f1224fedf01021b8dff52e8abf4cccfc649b1d164ec7400e41;bdf272de36e8eed8b8b8a55b0cf37f88c15ccda4680031c3f493ceb2e3e4745a;6a6e74c7aa7b57b0ef80f8f4d6200d115eaad45a1b2bd4aa807960b240c19aa7;61195c721b2687a47d5a27b4f1802a74ccf505ad067da5ee3630fcb971550a19;7164a14228723aacbb9f05e23e7e88652db4ecc7812bbb52df56653c84ecf127;2a2bc41f9b81d95b51a88c1bf1815dbcf86e3111716c02913cba55c3e8fd5a40;1cbd96c4812fe9cb6340e5311956276eb4c840a50253f6b784bea36e2f01d3fe
21;Layla;ABCDEFGHIJKL;12;a2c7b38b940c3787600dce291099abcc4e1bd016cce006b7116ed6e1d89f1b13;9e6da0a2813f426cb4320f236684ec7178ab23534002cf757bc8f474db9a8db2;801dcc3c9bc5fdff5fd077ed651bbe7e96e33e8cee69877ed201e71b438ffeae;e03c0ee5d533240850caef4507f2ff75860318607471308c2e8ad18d4594baa8;92c607db5af70f1b37955fcee873036fbcd852739c3298d9c25adde0817373da;43bcf441cd695393b774b04504cb8ee3ba22dc4b5bba29513f13865e1f4a7dad;bdfb05570859805043d551eb916451e5bf108397116f8dcd4766716f0f4cbf11;8f9b72a646eba3ddb6a157e69efadcbe0242394c9e5f6030b381fcb1054dddd1;b4d0a8b86429507fe94b48ec456ff2dfd31502bcc6c4c9a61e27b5dc7c864bba;9cb0c265c01218f44e41a7015175d5e094a084d1aea839ff8a1ea9622f9257c5;7637ac6859a953f49bc266075bcdb4ef516bc6285dda53b5f085ab5f7978ab04
22;Oliver;ABCDEFGHIJKL;12;2c07eac86c116962c0c061c9ab0715ddffa5e930283f498740a8ffd5a2502081;643ac55344694d0accf8923958203f9e63642d5e510d5c9262045765e805ed3d;57da2af864544a0b69ccaaaae198f56ff68fa1ee32c8ba7a649ac29ce8af4706;23a8488b3d2a1d2a8c5cc8d14a49e1417ce6e8a5b8a4c56e6707bd7a47129989;e06e5bb8eb9d03e2f17d5b349b3fc0391b69620cf864f465314b9863799b1288;fd7be133462ad39dd38413969632c7514be65282f6b4cf8ef2d7274b72913566;cad288209a3eea07b6f58f0f22604ef100dcb0fcfdffb9e94324f73430eae709;4b0bb949f8a283db5bac723e47d58523bc19fe02cf5fea54dc6b92036c3fc169;e665fd7e635d7a651ee2dfc7b4976456b4a95af18caaf9828d48938216f52584;00a07630074c5422d55a7400c76b01d529a61f47575f22cede24995507d91e22;6b1df9f345d887394e58760ba2b09aab36f57b9583593573d355c5fde1f8d69c
23;Charlotte;ABCDEFGHIJKL;12;baaf54520b19635fb4590ec643e01df4a5e1e12343ca3b6f3af69cf52fe51568;78ba1c5d9121c33ccbef2111911ec5e03cb624b2fae4e0c8b14dcd4d9ab08ede;98e5ca773e868369d0d4e0a7c77099c2d29df79a57e1e91fe5d746f243b1932c;0c3193b3739f1ae265ecb3503baf463c18a9376a3af53bcb88f2ab5801e1a661;98deacc626dc15758b3faba961269015d0e4a468f59a03d2d94dee884f8b40ed;b90670ba1615762d4fc3fdc0eeee289c3cde037f2cde9327cfc4abe2d4924b63;0027457794a418c393befdd707adc1bce7c459854d42927b2656e62eb18a001e;95da881f43a322f2227c1f73317e4c85f190fa25c933020f9ff7932eb3dc5a9d;ee19d02a38af83a7a130b4bdf5228b7648ca48d6c6afc749573156a6aa8445a6;faa13b64ed2be9cd9591997a349b05f3ab059dd3eff18852e9dcb74f65a89802;c0ecb65485626183eecb73933e079bb0e1f7ff7c23f384390a8497ef4b48876c
24;Ethan;ABCDEFGHIJKL;12;094e048b9e4ee0b411dcc9e0a451ea625cbe872d9458eeefac81e048fe586dd0;df2b1cbb5ac616dd2072392818c5927546f3e4bbabcfab9465a6a114789b256f;1aaff3e1586f329e68fc95cad2b78f8b2268104ba02223c47c59c5cbebe198fb;0954242d1ee040bc3c87825966e21a677343f840d76eb110acee1b7af07d47ee;49df0c5e5e5bac1da2a5a3793b9e4704c0d9cf4a305ebc0f729cccbb9b61052f;86e440e849b125d0c7e961ab02349dc6ca55277227fcbc8e7f3fb34499544171;45ff656e89cb504506be9666878f8053e527b863fd5626a308a3f9bc0b978ae1;035bcc6ee0baa0e6d16d14b8b1d0b3b97d47d52feba41866f4d54e33df945d91;93f77ee8e49a8567470f93e1ab2957403da09a67cabbbcc555b66e2e06ee6fed;bbdfda154ddd733dd479f3baa3540a079b1c61431a468dcd1638d08b927974b1;04bea1515d9965892b3849213d8e51336caf61f877e0354c049ffd07a4386ef5
25;Aubrey;ABCDEFGHIJKL;12;7a450c69aee2fe0337419291207c1774b368510ab8f7ad2cd3516d60f1a4affd;d1bb03228623a3d5f77466e0ddc31ea5c79df3b4fa3e08ab8d70af72c99d086a;0399d7130af86bb87854b1596a22280c4ea1bc2779c84cc087d34639a846cdad;fcaf202c1a5f9b8f1c8f992299af07c83265b520d7ef765edf67ee506d0972a2;e1a8b71c3a9e7872471df65ea2e9a6bf00babe7d49125dd06468f1f05171c4b3;15a6f8c3e325dd73ac7ae069e140474d4d8b089e5f9618547c4feaf9c6bf0212;22ae70a994a1477c0a4de81af545db438f500caac524012c45f2fe55791addcc;96b74a18e7170b72c9f28337f54977fa37935a85fcd4a078ea240d4a4ac9f311;bbd4bd775f1b6f4eed615329a923cd90033eed5a33a5d8398ff2e091ee0594f5;23c00811c1572b6a3c79609bd07ce1e3402c66730850dfc2b46811bfbffac358;0fa97b1fdb1311e503e3ad9b553a60d73d74ef56e606d8a2dfd57a8cbf361f17
26;Jayden;ABCDEFGHIJKL;12;c525475732e0051b136d8f59089a54721bc65bf38c7119fd2f238552cc89737f;04e4318c227dc06cd0b1f47edbd97442f65d308f8fb43a6fce277bb613eabee8;9752705bb2d153a2455df3bbe20d4c30dd256271d0b96990c5664a20f5a42718;d1cb7f1f3fec78e1fe088282e0d57b3dcaab8ae8f246895cb95f574bad02c188;81dedba0af57968207ffdb530dcf0385484dd4338d290c674d469b3647cbc5f0;dd07fbf83749eadc3b22a449bfea8c3ab7ad741e961909220208badff883d10f;9e6cbf6ca435296f1d2e73d89a60e20ccb4cdebe78219f864884b52750bfe6b4;2aead01aec75383f0534b3b806a2405ebf2cf1c63008f4a4a9a4db2062e4523b;a984d6b8f91c1a90b4a63dad3f6bbfd0e2ea207890d44368bc684ce1f5538929;bb4f86c4faca103d980dccbe1ddddc9a31f48ec86218479e3c4c32a7e3d58d6b;3aa410728367de35dc39221a741ad4b5b66d77b72aea805c09f431fd6df34745
27;Lily;ABCDEFGHIJKL;12;096007d1dd082f01fad64b4559cbf6187dcd58cfd2aa04f3cf1f2ba88fd428fb;adfbed69f7f2ba1ac12683cdcc4c2970550e301e46409abbf7c0ada9d24fb14a;2c2d4b5a4ae53680c3c7eb7c9b9290691e4c71b7ad92fbfa53f08f885aad99ec;c365c2df6271d70450c93e4fa8f69f620f2597a1c016a93f79e7f27a052cd34f;199ddb6741550de79f4f8b13e36db7c2cc1051b1d3b2908e0b2b2cf1a8086ca4;a29733018113828df2eaac4814e337d0daf04f8c85d8b08e2184b4c31913bd14;a149462b0fc102311dfd9011b31f46fd0e09f73d95d0828330976d8d90c04672;8e43804130c436f9c2ee6d1235c8a99fcdef9b143fb384b7e5ea69b18453f22a;dba01f4969b4fb036fcf8069d540d322af2d77c1de0d7af64a3e6cf1dbe6281f;c6410b31b3ea1df71bb727edb8872cab530193d508fdccd8e298b91ad5428251;7f6faada67d7e3cf06c5c236de8219f1a0b607f1e7193166b7214162a894b94d
28;Muhammad;ABCDEFGHIJKL;12;be04d2ba9215c4adf073e1865d4b6f4d0c65e3a65661f00bfa80a89de26b3cdd;d8bb0042c52558d456952044bed9831d2abdffbd40d609722daaf23ab9c9aaaf;db810259c993116e6dcace9ccd75ee49ce4075aef28401f0ce8fd2b32515677e;a0b4ae32386d7a6a67355a3e2a217cfdc960c87f5cc6c002f8a5f6b5bae02aaa;ad04c80ff70fe4b9b04d5d3472bbd37d31e4168907b43bf2677e941698462aed;bd704c14ee2cffec40988ad381c704f978c866c7db4d3e5dad8bd6062ed72984;c03c3a5c1031d828439e8d270a2c1f67db4d51e91510bc7695628193b12f2e75;cb3eae7b775587f37d3ada1dfcc84fc9f248c7439058d612a3844f103b450e42;57edab7af7f78c5fd571d099b13531d7a2dfab2fc8ba74dafdbbb9bc5f1077a7;cf73ffb2d5cdd2b7d4bdb6a87da0758711d9f50c2de31bf000e2eff79df62397;0c232f8250117727a94e0d56af5219f967a6c50b048d91766f54891409fc2d1f
29;Chloe;ABCDEFGHIJKL;12;195f06f8c056426461272bec8fb239108a406738c1e00ccc182adce35ef300b6;723c9655de4a7a3e95ce2c557c21e08ce68debe4b94894f082cbe368977bc696;bdb9a46d436d32306a16878dda047f87046aed81c0c2f27cf932375cbd82d63c;58127125f45700ba6dbfe8056fd1e87e3b50edc82b87056f7f0b74f338f58ba1;0a06cc690a9cbd20b20f528c905532a553142418d12ac476c2c71f3ff69685b5;75010fcfe49c42c74fbc6595c68faa919867873b7fae0916ef68ae13a225f1f3;1c23b6fdb6f8a2e91f76d42e38a44b2417855b25fb30d34559b2609faf46e6df;ad0c97ada6965c9e873f36287b8abba98738571c885ede075eae7f5bc81dcbb4;d0e9e996e3ece40fd226920aeec44a5a745a37602b1d2929301a436ba6f369b1;bc9bc57db589b389ac8b5b356cab49f831053dcda1d275ee6bf5fb328ae82aa5;0f0f0ad56c603e77fc57b6a56099fbadfd141157293d7f2d598aad8dc70aa729
30;Carter;ABCDEFGHIJKL;12;7e8090e819d392bc739f6747ed428ae652f6008794a9db0e2bfeb69deee66c6f;2622bd1390d182ca3303a8ecc128f2a9276b6065df834d129e5711a495b0821d;caa18969e58b8cfebc2e2c1012cbe8e83219900db9c76964802ef8df3b1071a5;2188621eac989d396eafd52c957ed1daa30bf10fcb3756101f7156b356171abb;82225da8f2e607908b574c998ddd464c1d8dccc2c6b1bfbd0ef8c8463a6f3ec8;ad2d6894ac334ed8a854932e8b349b45fec490bd8ae80eb91e0938bca64fc536;87e4d994937f3eaf88245b42c9aa8e5fac14cae8a56b57c236802059ec46cbd2;961b840b8186882531ccee273a3bb8d76a47d1a59243a5c1e305f5abefe84359;444d1ac9437a9e1b0d8679383b94dfdd316006856a82f3915e1c943644d4eb87;756eed8dc7946bb672821bbea851ccdefed915db3018a1d9c6cc280cdead522a;1955649a05d13a484be62cd4873f252aa42c45808fcaaa0ff954ef90f6c11525
31;Harper;ABCDEFGHIJKL;12;15a6105426ac876a8977ecb76d529d641ff5ceb5c783b8158fe63cf485f02573;baeeb44729528348a6808c491ce10364b6de32713df19834ba11b755e562048d;1b7473529b433002d8204e0b466c94140c83bbade68542256947535d1bbd5961;bae747f842c479e6dc736dee2817f5c628b6b4fe9803db12c2ab9dda3f45f29d;b5ce49558f2acc0c4a78055cf7f18dd5ce57a7b94e92e080ee7f9dd91c188f53;995dca6de873dae880d23bf6a3fdfab5b78996aa185cbb333721c894cf31fdaf;86b4f97a544838b0bd6c0bfc94a9ce53a1e129bb01650e4967038a73c6e37192;e07470d6e3e9e43e98f218cdf09f31b4fd67564ddc33fb411b3c89dc30c033ab;9018de86173eab2a88f868eb724e82832722153fcd4b2c79c62b4b4d6fe222f0;d8390a2b05adb3d4a19869df4d0ab5d6b0bd27bf761159fc831c926c0cd1749e;9a1adca2faa0bc5693a4a43f6c4476a4e05176f32324f83969f78504c09e0de0
32;Michael;ABCDEFGHIJKL;12;da445f2953d384497ed3ba12640c48e2aff694124ae4b8f420c06f5c648295ec;7de64db68fc8ced510aed521687e5896cc7415468e475a86d542c1276a86542f;d76c07402c1281991cb3f661831b932230cf12bd8db619814b602534c0c2e2d9;e166f4406e676eb4b1d55e9a6a3cac201f6cb8c891f47d232c63956ba97113c5;36a9a09143b1616fd34bb9497ccd72724a2f263eb59f5bc29a81760c748be08c;285b57e6418ede2b066703415a9832c572e72d0dd7cf9ba5b128f0132f7b2e2d;c08bb3eac06c48021e682b1143cddf9707bf8e6ae61c418a518bd1b8d2d5c7c4;0f4f228e1d22722b62d7330ef40d29a436a6e4239272b62593afae93342cbcd9;9abbf5fc66cff36581704bcd36fa47467af48bd695200bbd581ba1de9d13f37b;c79ade3e4f9e4f7f987832eb127b801d81d3454c94fff68594b3e6063dc9f2fb;91a98e286df83ccfb3281639a3130622b5a93c0d9d1af7336b2159effd50c3c6
33;Evelyn;ABCDEFGHIJKL;12;51aa12e0ae6c89eaeefdb3c2fd56f8fabd81cb6e7b9981f25015efa26f589a4f;7d5999927167c3a4c4ea7b02a7f69aa3ec7f0bf8b47662a6748301facce5cbdd;a0304c37c219dcd58f70b6086772c6580d60ecd31b71a4636c132c1f118e2973;734be1e51795769e22416ae110a44d960eb963dc978048011edd9220f7433701;f6dd43ca465a5f329e86041d1bcf3725a73602c6d7e3203adc755a3eb4e17847;213d2b4f62f63fdc7ede195ff8c5d879b7726ca60e9437429cc5d8aa580448a9;468362f52173ce108e8873c606aea7425b0d238c068c429492e986b9633dc381;62ff1efd9ce9fa4996e88fbb774f3eca64c11ad2fc634ba068d7392d8348fc99;46bf7c5a7394293f18e911a27b5aeddedd268530a2cb898ca32d145975512f22;13c61a5e1d8be0708c4f10bad0845d8ecd20cfaca5eee07ba6230ea548999e06;00cd7ec2d5da4e67a8ec0a65eb1ce7a10b1d6d38e4f7e640aacd847a138cf0c3
34;Sebastian;ABCDEFGHIJKL;12;25201dee5c5ce4d1102c652c33875210f6d152db5377786d7840effbfc513991;faccc43336f17da5d112b329f06f82d2bbb829abaf83031a44cccbcf355ab1a4;2fdbd5ae478a39233635dd49e3399b5e88a02ad37b0df92a7008d6a2e4d44bcc;e5b5b648396ffdb3bcb2b125650e40a21d5b4025e438e001f233b37858997ce3;9bc896c4cd6960e87459381c60d30057d9a860266480c3e02f2a359cd63297c1;4c4112254c1018b98c9509c68800e1fa32e2a203557ad3f1622d2e3d75694543;88e5ee15d91a1e054017f3d07b5c246cef9e203364434ad61fb881d78c598b04;6fb87bbda4e2f2af2d18868fc41553fa6088b487b67a7cf51ccba664779f71a6;fbada6e68cb88022e9e53729f2f6731d52d7d47ed8c2a57b5eab8c783ffc8709;9f807e7ab4b39f00c686a60f43cdc4ee39982b3b6e43900cdb5e9d778614bba8;f0fabc9075b18b329e8d5d21dc3e2f49389ddaef498b61215030ae4425aed01d
35;Adalyn;ABCDEFGHIJKL;12;9ee9b9da58eeba219a2adb6c57af483b47196ea34f67b30e65e6b71d81701cf9;7b31d644d2dabdf1464ffae5c813cddbfad96fa3cb53710ab5a893bd5d6d020d;21e20624eb20a6b821329603e16594b3291b450bd118519f7705343120460529;d9261e77adfb5f8eee3c8e24e93a7d0ebee6e9026a970b4b620325ecad971b57;16ec4bfa7e5c93872b524cad632fa49269fa063c1180dd8d082c8ecd6aaa741d;60c13eec3012bc12b66064f987b6761fe1d166eeb4f02626f022020a113d6c3d;0c94c532556b45a6f0d351b995c7f7b94b7487bf877c96045e77309f117a14fb;ea123fb0be8c06ea6e0f2d8930385323d43f45fb28607eef08c445c29e6b32ea;830c6343eb48f1d8b9b3e748839acae2e7798d0605f9fbf314b76b52e73e62eb;cdab52a3c723814348e5a25baf692252cae49626097b397141663170b88efea9;c5d52d07a2667460d07e206d761c3be4b3646b7aaec715e8260134cee6704667
36;Alexander;ABCDEFGHIJKL;12;f5867d0da6ba99ea57cbd3c99f5fc80d19d7d46c1ff028ef89b9b0ace92d5b7e;cf1e1ff077462f500a5164ec289779291cdc0ee32c0be78a8c8f93818ebc27f5;ab3841de08422b22a2f82a1904f099d45dabf8edd5ff6e88268a157245ee92d6;59c151c53503e94210259e84bd2cc042ff9985a5700151e20be7e64bfde2e02b;2be708cfb8cff7470e3a9c6a91b1f8e95375ccbbfd47bef17a23f9688b7ade81;3af62fc071c368bcbb2276035da04ca5b08ee5e77bd4bb1f744b82f226d2e91b;48c92451536378415a1c6e146b7ed1bf2d5c2a1a0e55951eea58dbfb2783fc66;094b3434fec7e0f43d51bf9397c93011549a4791cb009c52d2d0c6b67c08bc3f;f382e8c191df390a2582794fbe1b778db051a74444ce947cf1386e9fc0ad222a;5c1832809dffb86b7db0e52f768f197ca7be9f4ddf4bcea52bea949319627e5a;560994ee9fef96b1784e682f89e5b2b5ac6c93e72ed47925a84e0483aa9269f7
37;Emily;ABCDEFGHIJKL;12;356e4e7dbee0e20f92aea7a3be2b8dc091c0e466668e32ff30e3bde0174db9f7;11e86075936212591699346e7f257fbe163cd3c881ae85f8d1f3349788642db4;0e706a644ba2351cf07be80fa0558e65ef9d2bac248b9f8c1260073467126323;f5ebf0e67fcb7006743b729386bf98c953ac35f1847aceadd67f18696d546655;4f58c899409f03deb27acf629fe2b2360748687cbf709030612f18c8307e3189;f406b31a695ee14dcce943932f9dfddd26dca25d934255e091c10fafd09d13ea;32826254c216a9a3cc8dc55f2cd1b3d0464418ecb7ff42d51aa5f92b9c5e9ac4;733b3f2be1cc33c9fb4b73908a50e2e9499b03b23a7ecfe2a4b1ad18d394946b;eb4f6555de44a8c91460034c8de0d527ea474be0aaa3011ab067cfec4a40a790;0e60148b1d2b48d628e2fec0197d0eabebf15473e7772a3cb01143d6e87cc508;14c43f64551bb15de6bf761846fcc8d2a93b343d5d19e2e0255f878bdf27c962
38;Jacob;ABCDEFGHIJKL;12;840a20b5ac377dc36519e546957634ae15a8ecdd09af6b0dc6f19c5040067293;9e8b30261553d00b72af0940ea2166eb45294f9d8bcbc7599dfba668fc4bf97c;29e699c3770cbb500424d699d8b0d8add8f30fb89983a58e3515ae3f441dce49;a642fed2549765716a84646da77ad7d1cd0ed6e9c6e0408b0eeb823c11068602;d0bcf9277e8aee61e6857d9d333be1f912fc8636434dbd66ee3046c5aae0af79;ce8b2620df1ede4a4df62c85396e720911c92c811aa96e9964ecfa3718faf204;025a3696aa46caf182cd6988478b450afb26afd1876630eb580b384de890194f;7be35afbee2ac6c91816d10ab2f75278bc257038c3608923bbb1e8fb9d98e447;bc85a5d63676fa3af95ef01f4ed399b805411d14638b10b5067999693391ed24;46d70663cbdcdce68a007bd2564fca537c7650c39ccda022bda409df02cc9e43;6b5b19183cec73156c556ba0295d85403e0c3b94dddcf47486a016813a4beb96
39;Abigail;ABCDEFGHIJKL;12;352934d6fcd5b0d6d6609bb99982bf209defb2fb1a25795d3165e03380e61fe8;0fc58f858113290b19935ee4a49f03bbe2e925fa7761bbfe5d8090bd322a5a1e;05cb60e780a5ebbe436b6ca839b68531905834dce1a8b4753f5f7326aa2fe21d;eefec5350f5543b0e69892e47fe07dcf4816276b0afcde3bbdece71fb96bbc0b;f5569bfe98eff1f28cc7f5f668fd71ce35609ffcb1d553c82a030d5844364c8c;13d999ba091c97c3ab73e369d89f53e3d12bccb85d275968a505e1c728beeea0;850e9018fce265d201c103400b719cefa0ba9a5154a3ce53759b9eb6765b41d8;c8a3a85f93484935ed7590c094ff3180bb9d927f2100782a335387bdd83f5311;444dcaa13fdfdacb2eb74a998a1139e3cb4d4beda705679534345165d440c7c3;a236144ebace5f411f8e20b528dce0a444c4115b6973dc96701643f22bfed184;71827b529d10e86ce3cb73cd10592fddac9ea352cf8c61c48c54863ffa784afe
40;Benjamin;ABCDEFGHIJKL;12;2939aafead5115b3367b04fa272eb1115a8ab22f5a5ed3d8480ba660a1bcdc73;2bad3866866c11900e8379af09988032742eff64e4542fa73e2842642792fc62;e3c684064f8a5eaea508b61e801e6e6712631a5efbc627e2715ead604fb32649;a51b68dbcc699b6211bb3aad0244de66bdc10b116979749baf1e50bf60f299b9;5bc5e1b1ae1ae619553e523194cb472c2dc81862e2e382b885be09813519fbef;00fc0485ac025a195f32357dfed87fdf3d1939dc72011bde80fbb5d5e501bb54;3aa75d143b6936b7f737e36968cda3eed708a80eadbe43db5219a02cbc47518d;0419f1906329f59d9262b5571052693e523a63aca287470a518109910b86f3f3;325db40c13b24884bc14f6bd28dfce8e4a938345ce277de00a4afa307142c662;45444f78e8c76fa81a6ff1340c5e24347055a6fa46de31eb1647a04dba34b37d;3bf23ea0066e75d8051dddd3041903f58b0766a998f7923e37764d9c1b75a078
41;Madison;ABCDEFGHIJKL;12;02206be99ed831c556a241b998aba1c90368428a6f12f6b2587858c6431398a3;1af30fee58540f0e0adfe52561f39128a6bb98cbe17924c8522f52e4ff67534e;cbf88d5744647af37f21d957c4ac674a651bd3c42bc1bbeb8f56195da2165768;4c4afbeffcea67bdafe2ff2e5bf5ef4a97f5a1883501208171ef8bbde2f084a5;2fb883707270f926e2c304289243451bea3feb214f34a226dd4dc0f7e34a37c2;2635687ff998ba0b6731ec080efcabddb6f1c6825df314f57a4552b1a824634a;05ec5e136b4e5874635c3af6fc8956e0a1b88ac3d014a7e1dbf50bf39cfa8dc2;fd59dadda273b439cb92f99a738d86d78115c5cf37f4614a4af6f3c2dc6ce570;b53ce83e02dc7699ef7e1c49237efbde6a2d90622262940307dd8433059cc6ab;200b3760e760b30db38c7876cf49e57f4d1b8828995c2689431770b1738eee41;866b44c0f5410b70515838628db6f4dd51e9da7e6e0be16c503b122c87491c75
42;James;ABCDEFGHIJKL;12;7d4e937de749513eb49aea02386fee222e05e33e227a8b051820a1f46e5072db;42629aa90293e6f8a371978439151c7fd28a78156ada4248b3e0fdcf87d0a824;9f9a6d0bd78525c316dede370fc4033618a35f5d1e7107959ee057f3a8183a6f;eee207a757a5942ba671365b93fb08ba9810b249e8184e82bf4db34b671a09ad;a61cc1819d63e8e3c14dbcf66e9bab6f236f0b28931057b64a000d9b8263398a;88ab5b02b668a33ee50873b74c07d0c3aac0e02017eac27689923ea431b7bd65;4951774149ce64e0af1cc9d3d4bf287ee623cb49bf9c276ee001039a8f1ccead;087d1fe72b90e528463c3bd9370048cf2f9ee40ba58704e763a3ec6e11456768;7b45775a49c14fdb5ff943caabd02ef41a0509f2ab026da2b4c1d9b6a307334b;26a75b83cde501392251ef18c1fc29bd30dc3841d8b70349f2ea5be4b971cfb1;3849fbfde96bbd36761b2ceb5d495fdc869dbd54e1fbb82afbaa80289b83152b
43;Aaliyah;ABCDEFGHIJKL;12;a819e28b50c52bce62248af376b336ad56ebbf690aa379d1aa1eb0976f83df4f;38dc038effcb46b143c2cac0bd5d76af11c01514057666a1e3a37e99ee3f7158;9bdc029c08949ff4aa03a7b005f8d053ffd64a487027c1846b58b7949a6b8077;39380851bf62fa45d7b65c2cbe9a5e91f8f49d59686473eb1d007f3be70a889a;65a9e85009ca7da5711b0d8ca90bd5ba86b7016f8969e8ad9be63243a0ae9a26;796c34f9e3ee0622255edf8444e5d0b4927df2b1276ca38228dda0a2e8fa6cb4;87dde9bde54cfab8021286a47cbf95961627e278c758b0cd26af94657d776812;41ffdf805b70656ec1baa0feec9b5ec10ffd6d6321e54672de52519d1734b5e2;9296c4ea65941fa0f53d020796e766a4086382bf6824f611260ed32c2beeedf1;1d656518b8bc387bc82c22bbf7fb0d8b2c8679e12e3706e92728c137bddd1342;145fc4121027c60c1f8a25d9144859aedc85551c3d261ebc8e2041f7584857c4
44;Ryan;ABCDEFGHIJKL;12;5ca046beb633e3b97c8b3c57395dfa69da4b2f9673d8754f9d1e34aad98ea354;c079c0a5b53d35c82cdb2428535969fa8a9751cace093b5a667c9a1708b2c592;0421960e589a837839879259d461f68f37beeb8799381fb87e7a19052b0a2122;e2da58fc100f3a81afcdc615c1b248589d1e04929a1475fc67b85bcaa94a3449;ad595e545cbe0b9045aa9d78fc69cf9a45cb4d9eaf479fdb5251c1a7f1a4be20;ff9900a80968c810de93c67cb2841d0c5ccfcf2cb4830b83370e2734e903d57f;9a55f6012142a609c79bdfa5fdfc2e5549ccfbae0deeb90ef51ff6e3fcb14774;bed014388e9146169cc55db78c0c1dd85881e49d5623bd095ede94163eee4efb;1d26249bd81592e589398acc99c7ccd9e92ba028e513e9482fdc2e8828e9898d;d8beea425ef866afc38cfd22e2572faeeff43686968c91b4b7c5111afca9a597;5030ef18238f525618fb19f1cc5dbd15455b6f460b529b5334bd8abae841db83
45;Avery;ABCDEFGHIJKL;12;244aabaf4de224e966c864e5fe8ea9fd5f625a5dbf94a09cd75d706094ca7de3;71a95047876f4c47aa45ccceec62b037bc2205697178b29c3f198a747bfd2c7e;00ba278167e444a22c4bab3ac0676184c9e9c7c64cb3b2b1baae011c4053e324;18537d9f8413899eddb30f3a05483b849069839eaa7d5d45aba7faa80c38a8fc;278f286bc4c95867b055a860b4265984e5ea56fc665b5dbda3d512806e3a3ee1;f7b2ee5e96bb417ae61e67f0d512b008c742f45b641ae10528ac58830ea52470;b9d3bf6b3efbfd6c6e34b5a471759a27846a466dd376119796967e083ae987f7;a506b32d6a4248209c9b2cd982fe4d99da9ecc60f60ef33d1732cc4970f6527e;7d2ee749ca92647a7a026dd1599738592ef609ca029253620ae0444b76da720f;1e3bde3c4c17ea6c7486d16042ed690c125e63c913a9df363676727a2af2eed7;e72123a85e054f82fd43a13d6bd02b54ea8d43d9913073b681422d3c5b70befa
46;Matthew;ABCDEFGHIJKL;12;6433b8d3c6c9750ba13ec086dbb2e7fbd7b383f62afcefc124663070f4ce8c94;23a6c2a8d7d1063d99be4c2eedf54b4f299c00117a79540964b677d3158078d1;563506cfc6eac64a0ae83dcde0eddd8d15e7961643d11e662a9cd89457ef148f;3c4ade4b7d34b14494bb36cefedcf75e8ed3fd3ef213d915b4445fc4de1ac45e;c051d69daab5529da2253465b97f00f7b754846d1c50d2c1c4e2e3ac55cef5f0;f377aa4646c97faf9fd55e333b57c1c9367662cfee0f10afa5256a47a27e3743;9fc229f6b9b110b1a26d7591ea3376ac5855c92ab6aa50afc3abfed6ea97fac1;dd7abf4a0c80263a3ac109c81d658d1247850b5d14813018a80687578044f6c0;e33eab2f7bb493f197d90623dcb9d9ccbb1a4075eeb696bbc7f50f089c1cadd1;0b02d6380c83a883e8e09944b1c5c170bdd7c7ca0c4fe4248c1b97c863686075;dcc36188be8777421cc127fe7ad2bb086ef31d44b62c8d32ad2ba63abdb94870
47;Ella;ABCDEFGHIJKL;12;66b2817fc5718af50cbf47497371f0cfe3429b153f09652ed1fc645a75822a15;096448718fa6874eb7ad0416c2945d0c2a3f00a4f6afa9ba8ecc8b4c8e7bb6e7;6ca3155c97382287ea62d6db50f1cc4d75f66c7469714196560eaeaa1e7874bd;1656edf6c5c376d8ddbe053ee123a35cd7bbd35e6d352a6c7d73e88778a626cd;8e6cbe6b417ee3568d16202e90f167323e6e00eb6485ea4dc9ba489033941acf;a52387cd8eb5394414788c90d692691c37987ced11048aafb8893540667077ee;64ea029300fa5d3fb055dfe943883aa4e33184036cc4c879a5c7ebef7eba131d;6ba70b3d8633dcd404ecc987c545893da78edcaed69e377ff886ace8e4c1a29c;4b7172965ace3d7ccda3cff049c06051c5dac6fadfa6540af93b5ba2e26cfeaf;be740290ed6e4652d00f68de318e924c6e34fdb836ce541ee75375979ce74a24;df5dcb1799457bdee7dbe81cba0c090bdd6a59d1606bf25a7d95a13cce52b4df
48;Daniel;ABCDEFGHIJKL;12;1910ec760a12dde67daf23f9a7bbbb771c627929625e2960fd813d3d16dfbc82;94dc6fb139e33409c31dd47a76dbd64884d61ba8176ec7ffe3a7181ca9dc95c5;929fb53acf24591e400e06a2d57c9328bd86822e93df25028856de11e1aa6fa2;d04d3e1ff49c61cbff0cf46165234f47a52eb09e5bb4c99a1045a8cf72fa5a52;f500dedb9d26512bd074704624dbeefc92901ffcf45f22f00eba3a24b5bc78b6;5ca9eceb542b9a105994f1e67dd27cf99e572b43c52666744b1cc9417100c7e1;3e630e76a115770cc04859d3b04bad64084c57bb4eab9671e9c4a6966887e2ce;273f2597400f2761bdc5781a229cae3dc4d4e28d452246ae20ffdf97140db7ca;9556ae560bc8ce03837fae2ecc8751feaffa7fdf75a2e49eab914da5e1aac13b;a9e0265e51c1b4afbbdb500e77fea518cd626c729f53706ca2fb7e206e8bf61c;c37c707c29c4035a9c42592cb13328e025b88856308fde3e5473a7e4180fdcbc
49;Scarlett;ABCDEFGHIJKL;12;8f7aa5ae9fb1bd294a459da34aaa299d3a615d0d27563289abf651cef4683c33;517791d42dd251c84944269be3a31a974f4b31167acc670d59cebf45f204503c;c9d16c82527d8489063b987b2d6e4ea2839684f616b15b7ceb3e2b5ed38a5c14;f0be211e1e2e54b10f47ad4aca943eb8bdb3242db32afe2594fdc7dc008c6950;dac777d82ead4ef5ccc6c7d6f186e415aeea750306d45ead12fe65a58ef42d1e;416cc330261102496a6f1cb37ca9b22307706dcd08c2388eae56afa5df0af976;dac9248549f6360a48f4c6d0b15416e9c6ac4a24af9cbafb965b491075c97025;ee09abce466f320460530568541b9ee753879ab38897db98c68897ad6ba8b907;41341985396ea2a3888de64850b96499600c6cb7177866f996852b2655d27568;07e921556efdfee4018ebf6282b172e474bd470eb43eeb53e410fbe06e3f0bd5;f61d99f19920e0ef77516f563984a5901a4ba6eb07348cafd98feec29cd18c8b
50;Jayce;ABCDEFGHIJKL;12;bb545fc999e363e17d2bfa232890bbb12f465496c1fb8599524533ba0c13408f;3908acabbc29615ba7570a35ef4d6b7467e8b2779c2c7e505ea6f000a144007b;7f26d5989b70d1f3845932caac2a58804b1f2b3598f09ce97e7015b70d9fb5d0;e8572beafc01f54e2b6707b77d7145ca77ce9ef3ddc4c81fad46cdb1d79760d6;49561c3d8d64be4b91d51142f17c3f08b3019ae6229af4650d98e904872251cb;c9a31baf3093ddc05d85e6eb33618378d3391dc709a8919822d3dac7161084b8;a7038d27ea2a736273054f3ad258591c2e550c2d3b607881b6a99c5137d73990;f390e69ed0dc753ec6718e422fad4ff4ad59ee27ffd1baec82e51cc6e1d612de;13c7dc66ef89f534b6a738f3955e1a7ab29d9e89dc7daee66a02386ea8321f32;96725fc9f923a67e3ce7faae2c0ca355cdec8765813eafdf71b681bc5c0cee12;56a17b6bd0929fe709f4ca59c9b450033117ffa0c694213622a7364b75d386ff
51;Maya;ABCDEFGHIJKL;12;ea732b3b0d24b57fe0ce03be0f6effe98dc431fb1a606ce0e4bebc166f85825c;33bdd8f3f116dfed9acd8cab4d0d3759f906b4286a1600a2baaf7a03494f2285;d3b4101396a94fb8a35f1e55462160c5680c89ee836b63ccea8c94c0e83e2ef5;54e7d30d7ff0b1ccb57c82f615bc3bbb705fb162965de93121439c9d345fa11d;e6c20903e6e763d6d8a485a235e6e74c72398c933db9fdd2cdd03a5edf48c884;8fde4fe2ecbeed762177ded331bc9885618c6439a3980a03693c57760dd7b022;ffacfeb110c7e6e263515c19d93f7d9d56383085503d7d094762141379748d10;d9195beb8be5c80e1523a6f175afafdd79bc8032f7efedf1351aa2cfb2ee64b5;fdbe5bc6a2ec02d8223732900805e5b834b539c8b7779bdac5e9b5192419c9d2;226da3b85c22f0bd7c3c0d05aebef03543e5626d1c5ab8038f39090500f8a0c5;78c069fbc1d255be979455f06a50e83b3d65d7d507d3e70153a66d4dcf02ad99
52;Mateo;ABCDEFGHIJKL;12;2495f50d13f85fe5738068cd0d57a8d5f6f265c16cb20905f9354564cf1bf41d;8f814173dc45770ebefc5615b109d7c015fc8540e9e4de4d9798fcfa2e67045f;38272a9cc2054865b68837a3da56b3c66a765be3a547311d341f56c986112eaf;0ca303c62254d861abc668276695db13e3308abfaba0fedc8968135cb7598731;0f79f0da6cf0f1c00f6e26fc1c0af9ab0f73f56ad90fd734837baf5831f9080a;4b1b23a5e3576f722c0a4acb843cad4b3cdabe1954c1f491b59f8c23c171ce23;af01a3a2a8757ec9f8c48b1067e49ac0b45b91e774a550c907570044b1f43ccd;edbaedfa979696c7f1bce1ac88dec3e991dbf9f45633ca8898485fee8d772784;97b407480a38007a86cc1a30d407dea0717e32c1d111a7857d700e007e97478b;225e1ede4bb6d6c307f0e35916f220e732995bb14c650e678c94573eb768eac8;fb9b61b1641b2e1740d54c7c7804c72bc00910ceb7fe67092ec66843b770d7f9
53;Mila;ABCDEFGHIJKL;12;7ce6277c6b8350a3d63f885b6b71531dc99cfa16f2d92f821679ea33cf69bce2;e5e8f6e8c4d2641ce7f9f130a118b1202221f54d277bb6d881e2d90a904dfb0b;1650fa5d6b105587948b7d6435638199fd681fcb3c08bdfb41a2312e6398edac;596e6343a8049ab636448156b406ae6207693a95e744849345ba2fd4ae86878f;89682cc38582fa825ccf7ee6a77467d9e205b918e88cb5c61ec519018883320d;4d7f642af314a74e416f8c4868309ebf4d7fe9cae5aed4e704de2f885df7cdaf;9120f97bed55dee733845a7c2c60e89fa176519f4bd078fee46de107acb7047d;4fbd7b645eac31d1d1467a798ae362a2677d44186c8e3837b664178b79a3bc2f;dad3e1e39492fee4bd69e57f44e800542e373588d536d4246f926f438b699d85;8674a2bca65138211d0e61205934daa9447f5932a379d4b96052c33aade15d76;9727a56c6fdf3731d6f4c79c6fd68b2ef88ba1b9704975a1cdf981494db38c5e
54;Caleb;ABCDEFGHIJKL;12;b6a882f286b81c5081d86b4d80001c404f1699399033bbd7f32d7f04c82f8efa;0b161c326d9bb16b8b7e0b5bb7a00e5a32e261514c758993b3f321789c28f775;1a050ac3b5eab28260429d98a441dc1315578e2b1dc190b0b36cbbee3558d0fa;a97b493eea34297722be1a30a85dc17266421b871370e8e2e864758cd181983f;dad3b426712ae861c0b1e61421e8b171d25034e8cb2e0e74ca359d8a8d7f7208;1fbd0e5df91a4416321338d3bb98d6984f43c11177c1e47a94fbb0e7a4d7c80c;17d072039dc1807dad71a304b1a20ebe95409bcea7deb8ac7d31ce5610c2c57b;92876c8f3ef23aa8f8ecbe5d84b9fe2914926613ce8c130548a13addb1ab2b93;0e40baebd46ae31b0444751fdaa666fcccc820a9e7040d1adc46060f0b7d1320;9b316a3a5d6f62a2e78608667962f208c7f1ae1f509dd7b814251bdf34bb85ba;94deb629b5f29ca0157a7664becde2fb07681ccaa8c578ce31c153d373215d29
55;Nora;ABCDEFGHIJKL;12;81639c8574966b3e57e12cf6bd64d49de1313d4223fa53b6840b57fe4c303819;8badaf64dd401bee8e00977fe5d126a20f21d549242c23e2c8b94183cfc6e420;fde113487658a78cd6cc79ee314da70f43aabb8421051053f2bfbba4308a8f40;b869bd6233f434910b41dba3211f16a953319bb099e992d084ae21228134e164;1138d0d5b640a9fee9f24bb592094517e2f2a1bd672a80521dacebc124b98535;bc15f18f9148560a955a60a3b762d039d5a0131691e177faef9b18adfffaa356;0d7c852a70635b740d213ae2d0cb14a621a8bf103849c4cb27bbf91758ba0fb5;c994c670e1866999e1ff9d557fa239d6fe518310d12145707e2f1d276567a9f5;12775f7b5b2c3b3fdab3b45db3c61efcba5be29ffd456a2f2774c6077bb92281;35814152c2d75cf027193176dfca0b823ef5937dc216a16e8bc1d59132fbb954;a3856975bb8774241d1955841e0acb9cf3dfac104db61f02ebe9292029b29463
56;Luke;ABCDEFGHIJKL;12;cc45caaf24b5f3fefbf4d7e83590f96f510206470c1e9b15ae5841030c612e93;fde7d69124a3ce27368db151ee851ce8862cb0d403d82eb139ac9a155a34049b;4712c991d56a60f247dcff4e4fa4ec7351f00cbaeddcff0c44e52a62c6e454cd;dc42159517ddad6e9f7bae8e020ed3c7af0e81064751dcf78381d88a1955ff28;5210e994531be810b81b474a12bf9183aa687ee34dd5982df02c4f65e9377acf;f87d7b0adc21f6a7723c48db369e03d07082f31c9e32c4482b7d678eebfc4418;b1eec4df5e12a8475524cfa4bcab1338ed069de4d817d0901849bb68a53a7073;47be13f9202f642c7ce8456e9756d211df512d6a7dc5d8e3da23780c477b4754;5111688e8d0aedb6f25a5f023e15443f6a25b7c1b05916dcbb3726586fa3effd;0c53dd0c3500adb7a4e6f1b3db74cd86c5b292bc254ab275e572437051d110d4;4aef0493a68d53189a26e30ab77bffbbf30066e04c07417e074e3b2562d7bcb8
57;Camilla;ABCDEFGHIJKL;12;4c81dabbb127ca50cd72d1330578627a5132e0968ffae950af457991a7cf91a7;3cc69922f9c73d2d3bc638ccefecf4db5680f9500b3bb7260fe56dd4641ce6d3;b678ee74d882303827b46de2fca4b301c7f4fb3155bd341fc158531df7baf5a3;7945111dd21ce7434d0f15292135461dc04b1dfc2169205c5567f6b2c143cdab;2c7a05227e86492bb429abfe28e990e42c96d3f2f9482255b6f63af3e580be98;653d41ee01a1aa8e082bbffe650e4217686e16d5bf1ca5d9b53bbeb50b3693de;f7a1672b3dcf21a2484ed012ac5ffcd386869c43b96c5f806f09b608a2ec5ff8;14ea23919ae21ef830af775cc3ea1922e7a024c64cd83331de930ad4f2c2ce40;71f97f8ee163cdd24eb04e5b4703eea9d45c657137b34351065862065946e2a3;39afa2250d82170d77887d6a6c16e494e20996ba3af4fde7cab355796f2345df;7b2eb520c12d0fff958764de68f4a89bf069f1a882338936f9c861fe875d79b4
58;Julian;ABCDEFGHIJKL;12;68696a7346912f7fce621a4963ce8bef1f54bb72b2f615c959ce890c5701da37;43793bd9a91ff40f0a4884b885af1c0d2d5bdce1cbb4b356c8549956c6da6f24;e98217b8bdc517c12b3532a20bbefce4bcffc9461dc4d3c7587f9ad360fdab3c;cd37170f400121f74dd927453b1a93081849036a94d26a29a1072163a470686f;bf117e889f98adf8723748fe2aabecf42bba3fe2b6bc272d8a1be574b156aca3;b8401dd62d03a52131a4802d8f08cead7bc66c08f9cb3322103ae1562a33bb45;bed1e7018aa81723947185312206b0ab68545da0d183785edb635730b4a21764;43e4c81ff4375e5b80e0899b266020e64d267b8ecd127ab6498e0c5a04317640;4aa79f3e71e7edbcb074b16ce47416b1ce6556193782c5b0ad063421acf54a03;ef4fc4b9877bd5c47f6bfd69ccdbbc2aba1c0941f7177f60f7c69a1cbe2ee8ed;e769618416c8360590df9fe796c3f558fdb75e1b4c1e93caaaf027a4ea6b5657
59;Arianna;ABCDEFGHIJKL;12;4f5a321175649e1c6671f2e6f93622773ea640134018cfc9d7f28700541353b7;9331b84f9dfcca816d6296bd943674ef024b0e277786b6aa9e5a60c62bdb15f1;7dd4dbd1f7fca5c6da0ed5860654119519eef736dd137d1405bd2d1eb5744fef;595227d55643ef7cfc6103a78074913c2f711d965b2623d470907365c72a884e;347ad10eb93012849851edefa3efbb99d3e143c6976e0082f8081eed5029ed65;28b9228fe788c3b6f453384c993b13259a6333f2757653fe2340043c7e807357;cd9c96208db4e978de6b639f0a44d8f37e1e993f8bacea8f8f3b3f8f37f89718;bb492b20a916e70759b5168ab3afdc286ccf9763d863040001c09fa952d31623;7b38b2c8acfe27b853dab3b8bd89610ffbe75cc8337fc1f1516430c6356615d2;b4f3af6d9b0396ef1ba3c3f2abf8cb1c53763663f830687a5811a544ed14d018;ac21f9da18a8991017f3291f89736d7720c91400349e93bd0749e17eda87bbe6
60;Jack;ABCDEFGHIJKL;12;9f49e46dc825780d0e7ab557d39e54d9a486148249ec7835830a98513505921f;569817fccb439a6303a1b82ccad27bc66f2e320f0f43cb2dd1f2fe25d1f3a4e7;be1be494ab8af936cf21ffe612034e0dd98b6b3d9b958c6691cbf3553db6327f;bc50cd35892c550185245542a378868159475fca5b07d9bcf788146f45114ed5;ed56e07d33c41942f6d6ec02d4aa6271f87f98c6b0cacfb0b93af4e1a70cf5a7;56feb5be64c37279cd948496995c04ceb86f9d467a7c101e1d6492e25c8c24f2;29628290a3c96326e806f97f9298240d104d500fb73a1d912bc0da9b55f8ecc0;f4a779f2ff6a99eba8f092d4bd885788fdae5c16b50ff3327c4b07cd6634043e;4fb56f6b48ebd9f3203c616a5b610eb80eca6f16d30ad0c9a8db0b59f006c07a;05e26cec13c5589803c9d8867860a3551282f39a6dba0caf038a60dbc440a5b7;e7d40a385b51db16ba7c196ba6ea493cf1556d0b5ee0d7d45f8f3913b8fdbc41
61;Eliana;ABCDEFGHIJKL;12;f060e2697be90e11ae336896545aed47427b8a82cef6594f03cee5451166a486;6330707c38d641988cf4363df776c49af41fdb80559d2259f02eb9c9d54dbedd;322697f45288dc07e1dd9a785c7b44ef0c883f8cb731729d770c2020d4926d65;c9181b309e2b37c90b53f0f8ba8936cd3d88272b082056407ea0ce02b0c0c470;13ef2e8650d7a2bd37f51478394f21b612cd3d5e0cef1732088312f3f341bb70;ea3404c1e64d0194e846418279bad28ae709f685c2286ea7f7320d89c0cd15df;61c6e35c04f3eee2a7562dfa3edc59abe1408e0d2472987c0f42c405b18157e5;daa25634a2c35653b52f836e89de45f068d70c20c01acb5c024469fdf307daf4;64ba6e195627f5773f43f5be14d2e0bcb12daf41121fa80c662619da91950b15;687883558655f19d0fca6bf2c1da1eff7f61697253ddc530b21bd925020aafb2;416ac54bf08c1d01f0ee91e5a9ae5be2e116d62eecce59632e94390cc2f4b390
62;William;ABCDEFGHIJKL;12;a1763671fdad32d80cdd769df7f4347ac9916683fa5e479c5b5da07c7c680cd0;b13295253b6def9e12189b09155d9a02aeb81f0ea47535eb891747719651ca5a;9b2ef5286fb53f39b1f5b84ce1adcfae4cc3d3548e97e5a627de34cbb9e14b8f;25d14992f441c13372ec7c09f2854fbc7d4003852f38098abb4ebeb66dacfcb3;88743ca2b8d2b05985c1d23062c2603d2b264b4efed937733f3505dfe7666d2e;2e951324b983a6ec7013d925d7405f4ff30fdd6fbfe417d9a836db7ed0ae6dc6;72120abb4480d99cb4ffbda048060a2616217546d3cc160749a1af3bfbdc558f;fa3115e26f0e1347ca40b8506e23cbfcba5b05bdd41fc21a028113dd362fcc0a;61a2ecea01eb1600680503f2f5d37f96f99d48b0e10a79579875c9bcf50500a4;49d864c61911ceb57f942e3c07d8ad48801188efdcf4b8d6e8766d789c93855a;89ea66f090603bdb79529bc01b06843737b21d3d015a8807222de46b084533e2
63;Hannah;ABCDEFGHIJKL;12;31f33760c4372fc167087344d2a17566ced3dcd6ca0d56ea8ca2affc3b8baebf;d430e99d592c7a89698b06f071b183deae73f72f2d21d5289a76de91ba6d530a;f43d8747ecaf31eef94a3961716e3bbe10c4d452f3ec06b35da1389e82ef4fb7;3248f030b8df5747e5889b19488f3edb44ce5ae0c405ffb7f10f71cf13f73f42;885e9eceabf9efa77cd1e2865d3820c357e0b503603d23a01416f550e30cd17a;f292c86e416b3b517b9cda5a518b1619fdc60d7eafd82d5b668bded09ea7d503;7999f77a5c8032eb87bd87b4ce6176e10daedd7edd031be5ee3edb57ece1f2da;3017f83ef80461f6d4aa1cc1298622cad13969ff10b3ac81d16d64b194af7ffe;d78aa295c9e194b1503724b5d0bf16f6513a5f694c09609bc0ebb75f4f5e76f1;d861767f134d22db2e5dfccc52429591e501178e7a38e5329d0f4b6c1203c2aa;eb85bdcf6c8cc1477f335f4db7df92a55a4eb435426a9c2975ac10deae20fc64
64;Wyatt;ABCDEFGHIJKL;12;5f313d389e7a72f717fdf3e41cba75c230cb08b3dbce7af1275749215cf98748;fe0c3185ee594bdb0be69cd0c0a19aa2c2368efa71310636a5651021e9fc2ccb;b347781a99d561c2b5dfe2b6059a72b26feb181f476cb3a8818986d31b67d7ff;7c0196331e2e06ec1ca059a70b1ae95a823d0e7b171663d25f55dc22899323a6;388ed0e5561a48d7cdd09dc8a42864c7a8b518f2b9198483302065b3eceead76;a191f970545d6072e1b7f878e5de42c850fd3a06dd0e048792ebeeefb69d163c;cf43fb4e811bebc49a43a30cbbb4cb7938435e9cd1aeb0bce4a7546588a1cb2c;fad5e8d587176c860a6cb9f76dbe58ef291fa9eac7559c83b359a25d29ea8865;bac340032d04fc0244a869a45ab03060536feedec1d342390f083490a450d597;01ea90a138d9bc0754b11a46dddf332ab85a487e60b27895867182242b4edb4f;e91f6a32e26e7f6d839435f3a0632a6d5c6a11d1dee920861e3f36e4eb4355e7
65;Leah;ABCDEFGHIJKL;12;6fe2c1085895906149bb19bf5482b7d7bd01b57409565dab25cd0e7119fe6c6a;db467905ad7f5d882c195b0c9f2615116d9798813859a8d94f4a6406d22dd7d0;7eb6b12f16823b568ab98835f8a6410d1e931bb4f6beb51283be1637f5ac0ae5;ea3eb58cd17f43bc845db4c2cfd7ae6485679257c2cc6d109fdbc8c85e7977d7;7ab553fdd308a9aaf416c510ed18399c3fcbcce1cc2d925ba7c3eb57a92a51bf;83e47a053fed645cf80d7d2fa305d26332c6d00c79077d02fc62bebe12d706e8;3e5485e5bfc25bb87f777780258bac1ccbcc90bef787e5440d0577c272aec2ce;0e2d1b6f0168a5bd51a76b7d774fc1652514583aee7d0b098145d7636fd699db;5f9052f7077d816d7d633d2f669be92ef067733a03041223f1b9a82ad9fa0e30;557990e3bcdf4fea326fc77bf9dae9871b05a4bfc1c934c5a176b807f1480436;406d72e2abd7479cdf66d88cc55d9fce4a785c5b98df74ddca329de9d1022618
66;Gabriel;ABCDEFGHIJKL;12;84615330f37e850bed882fc4ff25013caed44e6e7a0cc74f686fcd0b3efb5fe7;be7251c890c742264ddcbf30a0700f634d863f2d8e75e659e6a8c1529f29ec40;9b69562d01e6760a07124ac494880d34e6912e2dfe260f891a3e03bb436a007b;fc341d9fa4c699e8073d0b6cfb7b904d7f5e1f35d9d654ecc95c932234e32697;e021e1317c98e1e6a45aa0c98d3e2ef7b92621d29e72e68c49c0a802ac0c0f28;cece8faacdc94a3bd2883381f75d5f3641bdaf370d8164db176e2b78bfc17313;8159157c13487e8f78538f60cb65ae69281d22354ef7fbf617040a8af8103f01;44ac48063590e5c63fd72828e4ab257d2709fe925aa2f2b78ff30dac2c82e323;b40080a811cd49789e58922a989c222837db1ddc2eaeec113b23991bff87b574;c5bab1b2161bb41418d4f30bd99549dd0379f2f526227c9ba0934cf4ee5e549a;4167c97eec1b5aaada5218b3cc51105edf36e1e2343250fa65cd1c15cd03e815
67;Ellie;ABCDEFGHIJKL;12;1774f205e2440fa170464557d482010d61c9f2a5588454990f2cd68bced69acc;781795b42dd60eb5aeb1da9bc8f27adb8fc6a860d206d4d0fe462cecae73a209;a76292c3d81c3f4fd6e8b6f8ffcab5599ae428fa2ba08129ee6fbdc86bbe4649;a8ac270f7407f1742a71e015ade9b0210d4c28a9e513caa702c86ea207cd09ad;ce9a63d1a7e2aaeb669aa2a5f4ca91339d2b1541397ee4e2357b9dc98c04cb75;eb430c5b65d032b8b213ba748e7c7a0a111a10c75d4973df795cdde3a5289f22;1a0920421bdd094d08995487f3ec698580c0605aa6b10b026de690f54d21287b;28b860df30811a23ae9d8c5293c242526d31ba9828c96bd56b07ed8c15f71616;60bf031cc73e860ab5d137b2245f940128468c08f43efcf04f3955d985c52dff;c91240c47f7a83ada40e54f411e5e6b36b0c966967ec3d178b4d4b09e37cbd30;5982388481169651ba8f935c8f202efc8c1c5429c9085c64252bbd94b1c3f636
68;Connor;ABCDEFGHIJKL;12;5cfd9bf52808d17b8df2c57a2423d3d11d69f4fc4a70991880aead11c31a58d5;41edf497cdd1b8f123eeb08cced1480a07a459cfd60437a64a01fcb3cdd15841;a41e3ac3b11521222cd0f58e1323115aface18ce9c0b0135d85e7763082c3ff1;db3f63a7c9d4e6d4d5d6ca120d10de3bc8010b7bffdf20d650c23edf19b79f34;3bbc4dda86402781c7fb58ef66fccbcec831e00991f2fb5f715d776b5a36f590;940c5fd83bd140217adee14d4aeadb3404b3b7384b023e52f41a4f05a02d52d9;283f577e310b035a6edc949040f15d2bd317c267fba0290d88d7f5cc588fdd22;2c1f50f14c67f039c1f73002430d574046d86f860012b8ddbef0bfdbf860110f;d561d72940bcfcaa6bb834eaabde3efec1ab6ecd4cbfcc92832db18910b93bd5;831e72819c6a28da82ba9bcecee9f4fc46cb7dfbb3378dfc0b81b3f968844510;681cc76a5193e67bde513d990b5078abbedeaaf8f4c120426a8e8eac9e482dee
69;Kaylee;ABCDEFGHIJKL;12;31d2f37b89fa37207484456deecccfd7a16b519f5ddfe392eabce1c4f6243c97;ab9937f5f8bede58cac2a84aa3cf01c5598ddcede5fb7bd98a1580ba5b3a9c25;65c0dc24cb7da6670de8015f7e89fde74819ac7a3a3331e736b195109054f243;db01909b5bebe4d245031bcdcaebb045aaa7790ae54e736b95a90c448c92a3d2;7ca461ccd98476f78d8a9f8a945b374292a2470d74d6274db38cf0708ec62817;fc88f0f53602acd01033f9ed1091afc9dea17791cba729fa0466c84d60bef2ad;677f06fe983b8f0cb11307eac26e4c313cf25e96a8fd124d649d96eeec3a1f52;570b11d633906fcb8d2beec2c7d577cbd7743d74c1ed40f7b60f4f43da9f9a3b;147c322c4509032b2e069eb0e69dc9a8350f6a20b23dd80ac1a906511a62b5c1;43dfed564566192e7f1cd8dda27efe2d4bcc96b8da409ba0d9cb8f35c9c83243;e708ba0ed42b68aeac010d7fa6b0b0ffc3a4312736e2f1a6a3cf590e5891f4a8
70;Henry;ABCDEFGHIJKL;12;e8895aa64b016b5d721a0c6574d56051a6162b242d88251e8bdbee6caac695a9;ebf59247838ddef3cc5734cd8eda6e32c81ddb881264e7c8e319c35ff296138e;28045f3309eb9caeeec69afcd1696266c0f8f1f14e7b462b789edcd9c8acb3c4;e3663c74f2b447832a47f77c0c9ec057bd58b8e37ba0dd742a10d830274ac2b4;359daca53256676f87b9538c7b80c32d2d4b8e37a42b164fbc918c1e25e69dcb;e65233b9b1c66dedbb4ce2d035bf4c30321608b4d40c724432ce50ad8baee243;2200c3b64422a610c4ac11836fae07864fda5fa68a0739629cf420982d5569e0;e0eec19d16d752c844134d3c04694fdc8bbeba1a0ea151e41b4de55bc26846a7;3478fe46589f613ae618cc56ba530ade08349b70dc3efc457be469c26bc63542;b504471afa975dd50388c7dfe6b1aef728514fae216b60b2aa091320889a3ba3;815250562c84d67e9d1a25b6de80e19dec1bf8cce748241a2525b0188f81da2b
71;Kinsley;ABCDEFGHIJKL;12;e254211381cc96749e5e2ee09045e961b3b630ad498d931fa996c74b9914503f;be73296b17a2664e1306cb2d7827bd1621008388f95eba8ba69afc9682ff8a50;9b5ffa81973bd2742e0c0970f58d93b466b3513702a28820d3f9ad96e83b9800;7d51bf0005006942b667f4ae457f39801b97dea5d9c9c7d159a7a2352a03259d;3d6e63b6c4f3c6dc4bf8b4a040df78f3eccef231df58b1bbb66cba453fd40dba;9a954110710c4530790ebf81d405210632c167386b3fecd4adf66b9e050ed084;9892b58d451df5624e94810035e14eddb0e98247112c8a9540696d34175e7166;c8700b5e7e0436459e062d99d6c1ab3d9f2324f13e05910527787b3d9c959f5d;981bf8fb13defe12c9ef7665ef30e74c8935d5586d9ba75a8dfa31e9dcf36d6b;f56c1af87befd88801944fdd2041ea8d42014a010405e4a3b2ed7c283a153955;221b752a054985b3399a6b3e1f934e00a0b88d40719a1150759aab8f7d6eb570
72;Isaiah;ABCDEFGHIJKL;12;b438507f0d7349cf884465d30467e89ed07ab578906e9b59ee90d5ce38ac4c89;2ab1baca8c846c3216f572f6bb1ae20702c738caf2503a29b2c53cfce2339104;bae7213c1bd07e45233d595a7f0a219cac85d92cd1e0f66c3a5002ac27f68ca7;aa1efca5ce65797193d9c7bdea4631944c2e49171372a545724a04d4ee9feed1;de0b3ea3c73c3346b38831a3b4e0d15717f03a89c7f7290a461b1bd42c15d57a;7418fd306eafbfe3fdf1341097538d7aa11fcc206af2fe21bf25632499511397;27001c42d2f25e7b48ca432fd1f0cf759c2e7bdf87019d552c2a643f354c26a6;717424ca143c108f36a484b79d76fe5fadf854f6b348f7f1a72e91c44f0d41a9;5da392c2a35e31cf175e6b8c5ccb8e3c5c0d69622fcf3ee644b301f5811485cd;bb893eb88678953d041ea3c95b415d46231e36f7f758e85a74eaa62c9e14648e;6c2221e84db112f91272ae8dcc990927c1b6b00673d7519ee2ccef00a0001f67
73;Hailey;ABCDEFGHIJKL;12;bdd0dada04f1443c9e703a9eca614afb9e8c03fe88c4888d4db805e9390c9f99;f40f1de81723debe8f762b042136898718ab6150e9f37c45cf3526e169035377;7632c84e12ae404cba09d7ef970c529b08ab8d3f6ef5796a39d2e07f86f2c5b3;74ffd746db1c4035f5ee223b63eadcd4fd2deff0776d7c3f082eb7eb9fbff63c;154961c1ec024c17af8413e7ff59b1c1e0ef024540bea3b245749145e02c46e8;2183b7ce382fe9249111ae339b69968d08dc696bfe9c93948878438e3c9cb961;baaa51828961248e2bede510e74eb536d5a446330663da150704680dfb0f7875;4c0f4b675b6762185e4bff21f1e80c9787246add0a2eab287a4121210ed4f5cd;a3f78f033c802f1fcb9065c133cc149d95aa24032ed26f6e7992276359c2c878;5dc718c1cff3aac0373e2e4886f5e39325e0a3a8c75cb077e7672e51fb686479;62f42821b0ee59349f57ac84aee9a637ddefb36db032e61bafb26e2fa4147b4d
74;Isaac;ABCDEFGHIJKL;12;631876242b2526d615b862551893e516673fba6597d1488008fe582476b03242;a5a51c38eb9da543a62fe01b41d0e8f220d3fbd55d362bd1f64e512a040d75a8;cfad0d6fa5cc6114605ba959415543b03fb4fd7d9aeeeaa33b97b071fbdcce0f;2b21b61dc904b0297901150a26b4749f647b18b7a3b0c46b08335f8d7c31dbd0;d83f5f6de5b81571459f29426f0de0e499907f395aa32fb81565856e6288f9ee;1691bb665962f40436bd6f6851cc5cd23fc87e32898b146659c28a1c9aca7636;f17b238e3ac474314c3944f88403b0e1a84d456ff506efbea4f894d529977610;a887805728d4a565c87d10b1792281b6650fd24cd3bda7157f7388e4f900d9ad;413deab38356cea4dd3942fa49a8a253d556a7d69c4d8000e6f53a06f148c9c9;51602d4d63dc24e43fcbd40389ea7d4327477f13e01f9b4c131a9e49571f0a6a;fb15bafeb889dd485c7d4e0ac1353b22e287a4ed113889596e47425a3238e74b
75;Madelyn;ABCDEFGHIJKL;12;2cda27e909456c026ec8f402fb149a1427a827733807b6db5ec061a69867b37b;cc70de6785a88272c0aea87914bbd6a85393e7893e6bca1e6eb998b14dfeb50d;ffa9041ef5881a43bce613395f41756d06772a663046fcee11845d42333693c0;ab685e2357aba047603f400834030f00a365c271748543e9de59f02da246d567;1b446569c2200541910e27fe1b1144d24937196963d69437f5b27204f4ac7e3b;a2553e0397c9397371678ccb39d6383ce5e5f9b5a9ab99e35d21350e92b9af36;2ce8cd5822e18bc3c24f8a50f52f81a61b901cea2d0f8bba26f379d59cd48c4e;19cf2bedcd4d9bc4883707319adefee2381680a93553f5d5ce0ff07fdfebf168;af5fde1792fdc475712a7b451e532eda438205d793a387f4fe60704941319178;631f4c13b976423fc3944ca84f5937e9f048286cc29115b4fcbab6a2d160b186;dba8472cc01c6e3d274cb23027035bf29fb8a0469b3671715df4f9493af6bf66
76;Owen;ABCDEFGHIJKL;12;78a8276477d8fd63495a9b1865ba66ad8184bc17f88ff924b8626755133b7ef3;8ddabd336daaf8129cf64fb329df65bf38954bafdaa735bc06c8e5a586da2288;1924aad302d0b6b33b20c2e2d16af05c4656fbcc9dc1e6d1f6b01a505fd44011;cfe166f1c53ff7f67c634cdb3484455cf25ccc2ae480a5607c72bee7ead63d35;b1c9f12b3d8520bf0778fd27a1d7c3d1e26ea4544d66e1e6003e52c7cc557ee6;d8fd45e728692e5f15913e9561333eb915ebf5b462b7d6f45885ab230bdf232b;17d622dbe6b9fbd0cc76d208a9bcaf09278228c80d915ed6dc513a61ea9a682e;01f2096b07162e9188badfe560a064d08026c7e0546a807f9e0551252b04b647;ede63340a1ebf72d0c395374219cae9d12b3728fd7977f6bc589220b5194f882;b14981d8e770b446efbb85e0a9008e04c601696564cf63cc9884fac8643a8799;4d7b0bc737b66a4bd347cf582c7cf6d8fe011f9afbe524361c8944090aacecc9
77;Paisley;ABCDEFGHIJKL;12;83eb529ad1829e9d0036f0b72ca46ec72d23c0ee881ab505e1b064ceea0daade;132521d00d82cde7ffe7527e7e96cdf6d7c25135935dbb0cc13c6a8f873bae73;742621db5209a2ff250cd102d2f391fc32e9c13b9b575b70447c8d9cef862d5d;22f0ecfeaa830b79e4492aca520f25129ef772ffa0ce4d949dc0c314be2c2f19;537e881a672df83b282b73eb05cd9f308eb4f4020b5591a112870a5de6efbf9c;0a52d742bb88a634480494d9420307795f2f68c993a8e03f45b2969aee0d073c;8a1e2f74dcdcba54cc445517deca5ae8434be03b056c4be88e2238f40cbaa286;8325a5ee7d2bf6c6b1a3f19cc3f10cf4b159a624d0b490782aff1dd92515ef03;166552487f7f5f2dc1aa88dcc9032454002e13c7339d3234f3d6903059a176dd;b05cc625481686c967227d2eb22e8676d83773a8fb40a35e9b52419149a1ffa6;93ea55706005194eb333d63b286f7ba73349c298454b4bf706c40d71499b920a
78;Levi;ABCDEFGHIJKL;12;b6d44f4ca1ccb912122dbab47eeca72c33167664ec5eff0781a810df4756cc66;61be530c7bff028b22e95d9fa3f2eccf5143498d60ec78568da95baa31ad09ee;5b26c2950b9f12b5c243e07170c1632af1f280ca5edb84e3223f714b73d5d8af;b478496f7e0de2840c8fe6b1f322b5fae17664031d2668a7168c4f51ceaeaa87;567a3c469b3c79a29b94961d4b9e2a8760115fd1c26ece60f702bde28f05b47d;c5fb9461472cbdbb387b2052df0cb73cf7c77760f84d16730410412519b6dda8;df5efec3413c06b1a1b1d2676dc30f52068a43667c096b429ff6862f5c52477d;b37ac1e085dd0ebf4a26ec8e98f1b961598adf73c5ff137be433f49fbb90aa81;f2ca9c62dd6c04ebc4ea67973efd719581536fde736a26811797bf198cc66176;dd6392e35c9218a53061583bc3305dd03e1ad26c31de44d2224898cd86a7c98d;854bd333a4447adba27709cb163027a46328f12f42e96212881d51ef5ee1afc6
79;Elizabeth;ABCDEFGHIJKL;12;248b00e0752b4eb523469f006f9a0af7ab90625a0891fcc410ff00c15a5a1d83;b778b275466daa9d3707e964df84ebbdfabc1f37f3931b2de704b1ed174ac330;77d3dce95f54087136881230b4603722b8c95644704e80bbd7a934bf48598a3d;73256814881723088e4a0f4616e0099d7b246e40a6c2e8009c2f034b16d81c50;d0d11f9059872f8a0bb3308aac859bae380f8493647b5b3429eeb0844382206e;19ad2177c29e8851ace5ddac200306afbe888583726e0baf8fdc197109c29103;d610d02dbe474dc1b5e15c0fc2edde0188a49a38fc3a7414e0ceee0b57c8551c;4b4ed889193976b609fc5e7e471e60bcd4e86de1c8c91a665cdb2fcfcf2aeac7;5bc4d19becf898ffd68e9565f61b06f50c4327c60dd6582321bedc8f2494ddcd;f4c94e256155486ca2e7e6388ed767e9c671b0c86274ed9c010ecc0232259756;7e86eceb756e3051f5a1ecb1eb6d3ba352d588f165c9552ffd0d9f4c4100f5a0
80;Cameron;ABCDEFGHIJKL;12;1974e653f04f176c275f9edf972102a03db0db040d9fa6c8f2bebfb9d5515971;a877d27ad59dafad38cd7008d5e43609dfc0bd635f907f4cecf71fc5d71ac1ad;c6ad2f42c6d603a27104b9bec636120a8b5f26245c8935ed800c5fe553edf784;3d91fd8c004e78e9a6504f1ad7800e5d918a44edda8633bbead7e8b1a25d4d25;7a0e7c0e44038fc203dd45201cfe1bb2d36273550e9ff3eb252f606d4fe59b8f;88b47a8752f052ec7737a4165adfc24d37c99b68a6b25def254ecbb520dd5ad9;f332c209bdd2be776efed8c8f6deeb2bf751b584e396d73cf29520aa99f9da02;bb3b8a966533c94fb22e00c57cc4c7804e214a14b3a3b89cd9395450fad87c38;6409162aed7709c7025953c0092cb358280a7d9587b89ed12fa7ae916de3408b;46ac79513ff11f0146f9d4ac71663f847136500c9ad29163fd050122988d3cad;ecaff1c6a246a4d25722bde98e9a3adf312fd9dcff4452d34c9badecf5626df2
81;Addison;ABCDEFGHIJKL;12;a38fb7f0f14e2d9ac7e93eb75be5ebb1ec76c71b785fbfb5b543dd54469a5cb6;a1514aeb9b1275e4ffd5b6054d88a24d75953aea81fee26e827bfbc40f2ae042;bbb99b1a8f41bee178cfb10e1edd9fe47cf72e7023ce1879192f33d6a22aa3b2;7f0230952e81fefb88dc00e55cc2f9aca28f240ffa93e736b5aa9e16bc171465;da666b1e174727b31b482e626e0839b4c30fa822e99a2a1ca04e2191e6d9cf9f;0ef6102f94a206ff79a88b4aa26ba2819308684f668c37727651e6ce6fa31c97;5ba8bddecdbf5879ac3a25ecbcf89f4d087e6a9b3d63b1cde3bb1f76d2e27cd9;0ec36ca577e4b3e21deb9a0f23e748663d529333c71a6126179d9e662f8a4bbf;62b6e80e8aa7ceccd6dfb9f406eb3b03b9c01a7bd26c3126ea5774e1fa02999b;0a8c3d508997f6302567f58929b62988f196748a0ff4d836329e0d6ef7fdad18;f3a2b0275ba7f3fc5ff7d93a1394dbc54d093e965c1f58b5d0ef55d23d65f622
82;Nicholas;ABCDEFGHIJKL;12;65312b6c65f4ceb9f3bc8cd7c387c2c001881b7069ad0d2ee2a2d01148cea363;108ac7473a4f82d7e56bd5d68366c44a00a1c778ef6edf7f870b2fefb74697bc;e8f141c050f2b0a7cb620fcf9e31ef6d33d5c36b118a29bd068596717f978cf9;544f9b6f5517d56fa960270adfd1e40798d8aca188432b0ffbe9af0623a95ffa;9f94106d22be009444cf50f86780e665b40dfc3c3274c7017ba6a75c3e3ef946;141b8b3684ea842584dbd0bc6521fe3fe21a7dc90395b15e503219c60786c03a;4e526d0fb454f70627ef9527d9aa6f5602328456791514899dfd134772c49306;1038b6a17fe5d17ec1e5d3841e4e087e567d155307e0de45a026045f08e1546a;f2f66d8fa9ac227c3210d385d23fc8d4f8133318f4a4eff30e7cb1f9c6f75550;ded67c50b460262f27ecfce4b7294f7911caaaef08b1331f93f397689bd463a6;5de4f5e5a9fe6bab05358c21aa5137c125a55200ba678b33f139197022c76313
83;Isabelle;ABCDEFGHIJKL;12;7227cce9e12afc1ee68b7b6a13b3037a79fcd4fd673f710e1e2a859e24162505;46ce2fb71f218b7f1ff80ca33aea862775d91c4e9d2e28e73e995b988f8e347c;a3b2ec3dc6dc129d61c644af41f1aab24279636660ce1cd107874572aedd8ae9;b7b31355a118ca923f4b0540f789a9c7984c09fcb450971da663885f9ce0fe7a;d054312e6546411806b472d0aa4b4712446df54b31bac10237451b7fe05bd8fe;7232fa4e2ccce1acc3af62ab99d56832103a877a575099e34c896c39ea516777;e302bb5b30bac019a159c3724a7c513fc6cdcfa47e989c36e3a3205fdfbdadb9;732c1b70767b9ae24f8f45a7339957bc17c5224ac1cc128939ab5e751d37d2f5;2e38825c5a5b8649a04f11a97002f961627a41464f2be23288952cae0638035a;6f2c33f50435e2cd41a8a0591b5e8e79916b926e2e3f13a6b875c4a1f9305bbc;254116ec7add3fdf3c8894c5a4f2e52c93adf8044d0b1c5b0fb5fee0acf9e4f4
84;Josiah;ABCDEFGHIJKL;12;d2ff2a7ae11b1e0c87cad5c2020acc62c24d989d0c8d9df15afdde264082a4bd;ef8be10da71ab81c5518a86bc2a73e1d05f352349152c35c02bf27931ed6f01e;4705e79133228995af83410b44cae62407b7968104eeec4fe6794915cca359ca;cca8869154c6cf8161ef229fcc8f4f68ff8518876d971d0e1c7f2e89c6f20cca;7c28fa590808c2365f59ff389ab7b2d920f155d03c8453f6291229bf0f3ed5ed;668e7fc4f47e382a970e58d189276ee2bffc34a971fcfe4e76a1c38cb9ee82d3;58f47be254321af2f04ba8f992fccd8e934d73351019b038baa9e013de3c064f;a559ea071b5b4049cc7aebc25cac875fbd5637fe89b0272913b4d325cecb4912;b4a2b76ba92dc5b6c7f66f39c3c2923d887d5b965f3fe414ffd91630c821329d;fffad05f4eca1996db7a698193dd1f4dc963247b0e4582358b4d83e0dd344384;cac1320c5191233342ea50831ebcd2db63dcb2613af8949a02a3c0b0444b3122
85;Anna;ABCDEFGHIJKL;12;cd4c9b78697a6427c61b093b4e3c89d7bba6865e6ba477f71b1fad08cf6665ef;9f0caf5fddf9a70b62195f6c3f97b2489ef384e62f6c3a8221cd1bb55a45f45b;a8e141a22f2262efb11ff3cd3c4e8a2dfe341ffbaf57d53f77d8fa718eeb095e;4259fd64f1e95bec2092b44e003678b0176ef40a038ae4265a5c8e4351ccb314;da51766935b36433753a8a1c5e06516858b2a07ad8b5b20697e98db6197c841e;04c21980cf73117b00ee219623b157a7c1c8fe8cdfbeb133621788567d3ef273;2cd00a363406eb923bdf6c128d4265bfe43e18af74761e465c7d5b7b0ae323c9;8e32f91992feba544bd2360889f0ba6ff04e05eefd3a53840e3fe1d3f24a65b4;3556f858782110aafe4afc690935585cb5d204483196d8c254463ecb113f8d6b;611370a9e4a1e22a54b710540cdccdd2aedbb763cf3ba13d9d30413259e2cd87;c6e02c726b60672ae9bfc53e97f5603a8ccb7b6dcfc2dcba18e79bbddb7e6261
86;Lincoln;ABCDEFGHIJKL;12;0513858af3aab6d141763765d0f1d4f824d2fbb5e86b76b0c4593e5eca37ce4d;2b9849882413d08390204aad9a9ff07a79c060e7d52ac39ee6e7f1a61749b87d;c106d859a19c0a00aaa6ff2318fd0c17033e768d5ffa80eaf4ae4f12497962ca;8e03d8294affe3fec24de3c87d242d466b5c56c8a3386375930e83f589108ffa;3a6a3dd7441770c0d8d8d8df1c23f281a3e4458b19eac26103258c071a292fdb;cab2d9a10d9808caa60bbf9a269457af472adefe1febdaf35ad8106786539f8c;b7371c6731b542212fd934e03d58f03c249730e074c0e21d12d8f4172c8b429d;82bc65fc5ab0235356884b55b49027eb4e2ab04aac09276cabd6446469a4fa62;706013f8862b6b9635316c4e3a0ca7e17cd6833cdaa24b881c5aa3a009495e67;723e985efa70ea385eab8c166090f5060323c4513b8d8cf5b4c7f8d5fdd553ff;58fa4b3245e236f4e3f24476a63503e90b9b297ce511adbfd744de8cac7e0aec
87;Sarah;ABCDEFGHIJKL;12;506ec0d7bfb77f5225ffbb3fc597ee4588a7dea1dae35bcd7a49803520858495;ceac4dadfea6587fcc9de9ffd136cbe3d88d44f1598c441ce8838adb5ed4eba4;af5c9d89fdbd534298dbbcfc8b94e86092a5168d60887ba547d30fd7cf8c2c89;ddae90f3d772da5d6a7f5507e387e08e9247ec699b8ed0c84abe1a88001e1ce3;f2142457456689f1cb7c6aad17f8d593c95211097fb4a80af984e4f6a82d5b94;99b0988767f7164f534fea13f344e0b43cd40d649f8f0b2e0ba1e094326ec063;dbe298ee6a002d010915ddba3ab56e697a6a59d256c061820dfb6770c4e33873;8f7429fb9184cb25c7aa076a6d6f2ce287e97f6f3a43a1393c2232a68ce62e09;f16348aa6441d319611bc3a708a49c0ac2b31ec534efb6c57047c01dfafa010e;8c6500af0c7af46b59a04b4c4c423c3b6b13a1b41ce249c4bf7b9671e1f8f748;1e5f59d08a8c7fa66f534af909a97ae7775b8baef12a5dc64b74cafa99be4002
88;Dylan;ABCDEFGHIJKL;12;8e8d86fa9639ebd42bbb823b1e72883bebf1b2d1efb2f282010be5190838a16f;4532d7e16e19c66271a018bd9f28dc698016dde75d4c770f9b4632770d397b2e;d89c58acbcc43cb5242c0fc03b0145b99f5f727bae1dfb5bd55439fd5d2e857b;56e47b13193da5bae438d3356411193bcf76bec7b5cffa057eee97ab34fd14f3;a0cade76b1820552f3d857fb65bc3d6cc40eb3ec1855196fc208c5fe3d53be87;2b5eb5416158aa63b8311e0331309337d7f47bdb6230613aa5f94e0cd48b4d66;774059112f8f4737a663992c351d15e4e0a49a8697e3bab3abfc84e00ae9fe83;6e43c8add2a750da3afb33b895d49b097d77c743999576fe8160a72c8218db16;2ca87fe627fc54a2caef13b4d49a640eb57867f333d15f2e17138bf3f1aedf1d;5227f50869cc7a4241b0aeadc0330d764412d4247474fa4900f567e85ff532d2;d3573d73034d24579e567bfaccdfca4d803aa77fc7d930f4b7eff59341084c44
89;Brooklyn;ABCDEFGHIJKL;12;c9e71b9db9d8cd24e7d1538bdd3d9e5053414a396fa93fe98e44813bb7b0f53b;340d2f2615aab442fdc53d0aca00fec3ba9b5662c72d82921f8bad23e7073d3a;598f4148658c948f970ce747066757e50a9b9d9c9839b71d7aca34bec9804fec;668c50018c97fd3cb929af5e9d6d60ff363e6aa06cc7f432773b6ec12eaae2a1;4deb34f0a831654e2445403e0933fca3d234590eae1482e23116a536806792ca;51380e9f5decca0297244bc57b25ec342c7be170b206e456d8f2b63d4c17cbe3;96ebcb547f38b196261eb94e95ba5b1e3b17e22d497b9565e793acfe73d9e00a;80dc648a03bef2047decdb46ac010615411848f57a673b062c30f0541547264e;8c7728dfcc087be69384b18a0948f7fb551fcf9a5cd7072f4b74e36ce39783d3;fdb3d14e48d57bcec79d895eed8dd95f9c6a1d6172b77b78616346c7f2dae755;e359447c6ce4887b9e85a57481780355a8f41a6eda558a0957a07142ff7aa4b2
90;Samuel;ABCDEFGHIJKL;12;40272bc8b61af02e4481b453b0d0137b3209250009f465acf82da45a0a59351a;5135197da5ad74891898b99f43aa4816449008dcec64d40fe986435cd1c5e48b;146a8bddf707df852278bb04bf4bd950169581e9ef90263628e9c17e0ffdd377;b0e85f03fd1431b7f7f0d65965793e8c6c5491bb58469c2c23437196d2cba91e;5125d4daa1e73019cb8e0612a3a8f9538f6b60043a31b48879f13e476c20dd7b;b3c51b05256c7bf2445e4b321278adccff268a1d15d4995ccdc4fe39b0b2332e;4dd7c7e82ff43b6858cbd2a1397043960a36a6021521bf47a9a7dbe3f36796ac;096c4a10a02e75d208f72c196e72970d32fd1ef2f683a71c62d882e718d4f514;73d6951774964a84a02473ecaf47155263baa45cb130140c40bd565359704791;08efc634d090bd0cc8931599702b18349d43cc96018211aca5f70ad344e03e65;fb40b45236152d81de0adb0b352374ac164ebde7a3862822250c11c1994f92ea
91;Mackenzie;ABCDEFGHIJKL;12;1059a0ebc8b54258ea89138be361a73d671c1376a4d83f2d6e5fb832a7392538;973a5f9a79fd7335acd4af9a92db26d33593126a3d543f693fcf415cbe5f4f96;d5cbef2600b91436f2ea43e2fc452a420f6af9c133a372a3b105ab3c7264cb42;56923019cb3cad5b2ae533fccd1cf1d594841e69d8f47882ab20a1a2f9e7b2c7;50c8b0e86c16b6092db2cff28f15db63d990e351fbe2da33ed053ecd67e76177;e57bd0422d01a0acda6222f7be9d1122a754022e78b7a5f66f9b83dcb57f531a;04d7e49c001d78f68a7520e7cf2e6c03329ca1b6911b391c73e53a40679842f7;101c49b44cac5763290509f31cd44375656ffd393f0f0ef163aea3bad428b7b7;ebd963c7c78d74fe60690803d16df4580e47421eac19e0ff433de636622515ad;5539f71a45ef662492815b83dbcee2a0a00337810795db689022945e60bbc87e;2ff083b7ecb46037ad6452a5a5dd734ee5a43bddd89aa9245065b1153e75bc08
92;John;ABCDEFGHIJKL;12;c33c32b14a1ae6edc468244ccf576042054587d1b5d49367a9266d4b6c3a2d30;6c97422342fe96d5166eecb5560e691a11fa6cffaba8fe337dc6570e386290b3;bf3fba192d4635e9b72154b6841d6c13fc39ebf0b940d05110cedf9cd8e9b93c;aeeb2660f2b2f7cc6436ec159fc0407fbd3bc9f932fe42b00deb5e85136bbaa5;a1b18cfe805591c77aa968b5ffa5cc7284fd915ad6aef7be235fcd8272350dff;69e3bb4d4af7a951c7ba2daeac695d9a88018615b53daaee98275ed0a02afdd4;fdabd6315d4685fc946280bc141f697a8fb64366c99d7b5f4a29d4e8c7ff3416;ef88d898b0c51f40ff5d3c738b100ac4adcc26ee6661727c01aa3e89f3154357;2abb31c04ce7a2d40b962f9234406ecef541525701481d9162aabb6255f4e300;9f1c3c598a921167ac7130acb11685eb2e40ce4d80413a03af7af5dcb2619009;bd26d336bdd2721d16d860e30cd3e0d8c7d95ba5742c3fc9b3790174a3c9ec3f
93;Victoria;ABCDEFGHIJKL;12;50d4439c068a2d217c48711a22bcc3931968c9183f7372f05e2e1aa56dc239c5;09ec44d0b9cf09f3bbc6e99b233875b586f1becb96ddcc2a620d09a30ab75239;c79022d4273a5a8248af63e962234b391b200fb83c1eba2d05fe9f119fd47775;66e95152b7ff5e182a87f620ba01c7b364301a3006250f46d8254b10d820d818;bba5e12c4b3375f340bec1ac1eaea18c2b75b405f68eb7a94bcffe9fb13ef5eb;b3135e56e3864868f352dfe924e761622c7285883767187e9c0f635fd63413a9;4ca6a20094ca7ecfab2e5ee04912a922de155e7b581e3ee25b1a4da2b03cdc76;c1791bd16328a3681236ca35733c832466a9a3da05adb7b4aa0d14e46e308227;8f21702b603bb948764d66f5f50efabb5c7a2bbf0e17b861555d59dc08125c17;a44f8a9d8973585a8904ef9a94e29a346f6dbbb0e2e27e377a7af51ed3e97158;27653c10324f66483b9e68b4ca2935a0b9acb40345e6320d1078fb594aef9693
94;Nathan;ABCDEFGHIJKL;12;7ba98c3939437bfa619f3fad27cec98398eb620d99720dd178f0d3574929e5b9;329735a6edfd645e184f98c90683a82b11d9eb6d607c6ac4eaaf6ca7c9d94b20;3645253f06c2a50aeb7aab7e4d3a458f29f073ecdb5fa4ed2eb6a3bc73de7622;cb536e574829900b69f6f2debf6c00fee4e4e1627b7d9497f1ab9fe982636999;aa1831a62290d28e753b9df99be1fa64560824aee3448a099805ad9f5e5d7438;504c465a9947847111388c756905a4040c6a9ecafdb09a42733cf770cb56c7a2;4df18797e6604aa1b25306984200c1f8f8eb6ac21d9f8a274987d7dc5e87752c;bf0648d596a1f870eceb0844c422faaaee16f44a1d0f5d0c03bee5bc45ea9fd1;5568769913f4cb7658f168c64999eacd1417d258e37d7670c96c9e8a0ad24b7c;ef871d8aa56e0b926c28a9e08e9991a1352c2b471e1821fd99aeb9d3b7e3135a;867e4b81e693a52cf9a336d3a2dfa10a5d463d9ab470a456b23d07778f891c23
95;Luna;ABCDEFGHIJKL;12;678392c4bea0e14927d636f2a0715d64390b0c854dfa7c59bd49bf1d01942591;6742a4cae88197f3d1bb285de26fa71539772fc46b50f0761db2ee2c4e852a30;6131b277b8a26fc3b5a75b4b2395cf4b033c2b1c87673f2469dca06c2604d678;14769d959634de169de12e698100df5991bbf6e22a3959634ebb552ba6ad0b29;7c56881ae5354a0a57d6402c044fdf77ed858ae89ebb468914c2bcdd37083826;d9e0e4628800d5c3172f1d874a6757650f7c195c8525c6b9fa4130d75a3f47cf;69cec82b01832e3ca202b73f8e5d7c0e538f11bc29d9124594b79c798baa2ddf;b0343d15570c2b08755889f7fde41b8c19fa8fe207255d7be19f836db60176a7;078bb15d886025ed6ea176fa34fb2c2f4749649669f5ae095d8e853ce736cb09;0edd1c25e180b7de47bd3325b9a501b1774939bf0f6d5ea9602d934e0a90ef92;dc14747059b5dbad34b43bf284725e5f481fa6bd3887b14906813b187633cad3
96;Leo;ABCDEFGHIJKL;12;d2e510ad8e16ed25064c19b5033312290deda248ee70f338cfc5c74b2c01ee14;fcfec9be88acfbd7ccfa670e6cc9b790ac45034c6c3ec8fc0e4e9b23ca9edbf8;89f75f18a831dbecf73255322ade8a0050f18e9b8e7a085ce2d4fed122b38907;4e0d2eb155e33b85546e4bf1d282fc5c31c84f6aa471469d0c8e7178e040896b;a3d7cef56c9b4979969cb4ad64e70996213c25b3d5d2655e4a6f11b108bb2d21;d6789a1ae001a69bb14b8b49b2ef33e5e2eaaf4c93aee0c54bb22007d82fff9b;598f0e26db227d41aded21ffb0efda233f7bf7c9759a70a151ab76b0801a1864;8c01b9d0501778297f914517c528bdef19b8102f6cf8914e1b93199fb631723b;e40c7ba1bc51becaf0fa830a38fa35c2985f68e78f67f317d8607e5ad88404bd;28d1e585a6a33c2dfbbb841fbf63b285d486facb65ca626af0b03845683f3cca;0e5a7092c9978942060faa7f1a69604cdd2e28a32f9c43ca5ed4d5bcf556dd1b
97;Penelope;ABCDEFGHIJKL;12;113e56e19c44dec8a3f6c0daf0f1a9bb7ab501cdda1a16fce8a6921806bd12cd;75099c40d01f8db92c17948fc4bbe7ea62ffc94f41c574bcad81741f7275537d;01c2ba53535808f20d73d6876e057a7e04e3942a5366f64373edd7e6c4cc2b2e;cda05277a78732ed4cfd34bb25012f2f814fdba8760ea4ae6cc6ee497bca819e;1f3c842485e981184cc0802260d35a2205194b22ab718950d772473ca1243ed9;81009c42e69aa1ea049860ea59ebb90de7a9ac56b48386b3dcda294694f34676;3ff82c589b94359fdf11d61afaa748debaa8a4ee5805e371943adff60e593304;af36a75e13efa82dff3597e557eb4650da04abf5db12920f24011699fdc79329;6ec3803200404af5879c746d23d1de2855533ba36f5d17368497f00d82a3ec2c;2d8d3077e3f10c6b41d22c6fe060afa4912e5fed21d4b14b1b0f1870b78da33c;1ea0c06be9ebf9f6691ba0c7b50c3698ef501454dd9d0893bc8dc2f73d0290ce
98;David;ABCDEFGHIJKL;12;0b988669c9fe42bed3fda8fc58040571c282d3f90c47cabfc0f82d363b3c36cb;ff27d4877b9711c2d1300fdec8c37f0d9244ea5557539b4e135209e15be703ee;ac1179614d8390a700238b4cc2f7389dd7942c49493fab4ccc51976ad9d800e7;7a7e8c69abff0c2097f6b50ee55d5086be1799bed6721da412b7953f4290024a;13ad4a241d411885d584f02241c725e7864c672008d13666c6f212563ed7e2e2;e9e26335469b97fa76e55f96dcda259a1fcd569c2d7f7c664f758d38f53c4cd6;310ad9628bd7086d90007eeb5796f8b6a3771997023be0c6a2840e1883b6179d;779b6cebc9dbbdbf440696896f8d255a6efafcba2059fd78e25a9710bf12cff3;c020cb2c3b87172f3b6f1850597832452887896fb1edbde5d50b08133510c709;bfc8f6faa921ba62733bddfba7f6e1674a87a2a24659798aadb3d10f09de56e4;00587f7fceb322493dcef828138dde49e70a55679e09be255f86794ae0d32ca6
99;Grace;ABCDEFGHIJKL;12;3b4e03bfdfc493e756d830a2965dfbae1a98a084bbfe063713361545242f6b61;cf7aed23b34d2067ddf40cfad605a97a407609c2042cf3942bab8dc3f1534bd3;c37dec7599302a269d9fafe23bc78cdaf08dc38424d05f731c057b0175fafbc6;bcc5f8062ea47d0d901894abbe823b8220f9087d187a6456795499630247257d;0f08648c63fb728966d55c4126ef9082d1bf9a2b0df069e987573289c2b310b3;47aae182a81e26138ae36845b48fc09faa7c14ecb0124410152d0902bef08180;980a3474657efc298bb9e0608bfd8cff5c7d9c46980ec1476f3b9d374b157a91;b4bfa5530193e41cfd9fd679cdab76e355ead3885a43b7d1238d1ebd7f4ddf7d;e6d79bdde9e9d75e32510bd96d45c9f54ab9f5feb7ed71f5cbb03b9604551db9;5aece5661da500009851adf86bd8bb500ecb943e5239bace6cfec98c20a67195;594b11622a49142581d43ff9762880286ed66bff29a6c1f4206598623cf1a788
100;Adam;ABCDEFGHIJKL;12;216b77fa538ed85dee65e00febdc25cdd3261cbd4fe9d8a2d012f2fa5a94025b;d3868e2f733ebd5ea310cd974256fb8805f0814de5151833942e330474102ad6;ae0fd4b9ee8fc68efc3edcc56c74548caacb9acaec1f856f9053dcd2293bb119;8fbf0e46365a2241801a9eac194709e25ec269b8a50d383a8299accca7b5d32e;ff0468cfcb24ce78ce44d46639e300f2b90cc6dd32423ec46a92e81717217956;7a6b05948beba17d92f9ea730bd506e26182eb1466d2195ba6dd683fd7537d31;11dcdafd4dd3f710479bc3a0890327163811fa73fdbdc6042aebf5264460d49d;79c29eecb1550ded980237dedfd7099bd20c8bd8a2c2f8c9c13b0637603676e4;2ee24b66ee45bdaf5b18e0812fc5287569a34d70f6d266ef94323595d2c45735;bcbf2faf6385a59acabb5d3571bcc216838f76e7c611363c96ba487bba40fe4e;0a5e53753e3eab91bf4ba38284aa7ca716d5b19f362ef6827a814e0cfba0d2cb
