ID;Name;PasswordChars;PasswordLength;Password;Hint1;Hint2;Hint3;Hint4;Hint5;Hint6;Hint7;Hint8;Hint9
1;Sophia;ABCDEFGHIJK;10;c4712866799881ac48ca55bf78a9540b1883ae033b52109169eb784969be09d5;1582824a01c4b842e207a51e3cfc47212885e58eb147e33ea29ba212e611904d;e91aca467f5a2a280213a46aa11842d92577322b5c9899c8e6ffb3dc4b1d80a1;52be0093f91b90872aa54533b8ee9b38f794999bae9371834eca23ce51139b99;8052d9420a20dfc6197d514263f7f0d67f1296569f3c0708fa9030b08a4a908a;ca70f765d8c1b9b7a2162b19ea8e2b410166840f67ee276d297d0ab3bc05f425;570d3ada41deeb943fde8f397076eaef39862f12b0496eadee5b090face72eb5;f224061bd0359a5ca697570df620c34ecda0454fde04f511e4c8608b1f19acb8;01d8adcfdb790125e585e7ed9b77741cd09596dd7c15dcfdc75382a31a4f74ad;4b47ac115f6a91120d444638be98a97d009b9c13fa820d66796d2dad30d18975
2;Jackson;ABCDEFGHIJK;10;c178ef3bd2dbf4e92291a9b563c0ae2ca2a8aead62db92fa4d1babe19e5d34d7;7624e76e72b526d8f7538e6bb96c55760e4483f5993a8068121382e74ddec62d;834d255d02760d6089edbd564604513563449e77d2cab6009c027f7376d4ca30;b2e939a89b7863100fad643254c524559cc71a4ba49c50402bd04c8446e76130;0f0c2aefcfcf4b3472529c5af7320aa19b66fe7bb7d9f10e55c9f777f10462bd;d22b58963201e375c51064bfb097e2a05db3504d5da2313b8e926416cc23d743;0066eb98a0f3fb992b33f95d69338984b0d4ff33101aab05932fd48d72263a9a;21b5a6f0b9c1531690747cb715ee3ad52c045e8f8f0ec9daf2bca5d574fb4870;49dc00059541199f160e9f4f8abc7f4951fcf1a1f0976b3982a9fae6f106bb58;0598a2e796da86752c7745783eba8919c2c8e63c2a23ea9b103d7e797f92ca45
3;Olivia;ABCDEFGHIJK;10;b6dffc272ed2907a18105d183470974caf57a3a98ca96e69297553c1fa516a7f;69d7ba29aea3c5032208576c9df971a2d535abb08a257058756e36e7e01c034c;2228c851d75510b89083f1a7ac0bff4983fa82823bee83c9e010c0a50e7dcedc;5ea85a209eabf2be4521ff8d43e0c177e119282140fa4622a5ab50e0397ce089;e234a05f095ae1dc98aee249be97b7eaeaa781fdabd0c8a884d72dc78f1c1622;0dd9e26059942e7f8cc9b7290cf5ed87b8f3933697c097b1c3ef31023cfed2bd;f70853fec1c1105e8e26455bcceb56c251eef61c57c11d998c733a9d27a8ec59;b0f110e28c9d978f156eb50ac9991a1fb89024106d4e8e8213c3de6d6b0dd994;6cb71f73643f54d373806f7ec6383e5fa2350173a2f910d7404213017b8dfbaa;c0053593800cb44f7e9bf6e00d6c37f68d0c8e3e6a867380214df64257818669
4;Liam;ABCDEFGHIJK;10;109fc23b13e8b4187c66d81400c3597ce69bcdf552c81a232ca37bf3b266fb19;54dfc60ba18d882b25fd5f87bb42bdb42e018a542b9f552e13f1b03c1cccac60;49042e40c502418af6f259cae2ced4ef8d51be6a9320230434273e5fbccc5373;282e17962ac98afc0e43d8dfd36fe4c5d5dbfe0fd6c5e112e2cb7a569735dc90;75e17b6b7a621c1102c711797f26d2ee5b90337d792317b8f8bc8abf1db261dd;90d6920945a73031e7de94cff87d3b47ef1301a8625e6363c0bbfd72feec9cf6;b857b99db7ab803786e4e3bbeb0972d95cd79e8c3550c09e33f05a7102d7addc;503d344872262ed5373ad1e7484ca00d07dc27c1426cba23e84dac2255955b5c;c0a6e3136d2a25457a8b7aa685a272b07d5a9884e189c43125a5d60c35373db4;9a632dd1734c66ae52f97af0cde08ebe88cb35df26090ac68734e58df9dcce2f
5;Emma;ABCDEFGHIJK;10;6078335cde9e5e1d0550277dfcaaf544535bb031e5e737a997041e8b9cca63ae;9df275205325cfebd9325173f47d82210dc1803c4c5e988dce983745c87075e2;b83ec9780db0ef43adc6d4ecd88da44666cda2aa617e248e399744e5e1153ce6;d4e74d9a580f9ec6d6616d5187408a25b9c16a0fca9b86befbc4a66ccc6ab02f;486b829cff967bc95a845a4a80e31f89e1d8d83fed6824bd53e43d1f66ff20d3;552ba27c5ae4d4ce0566aee03cac74f9c15d38f170cb3dee54d16bf418d6cc62;60b64d370b66980ad9772f89a48fbc9d11161cd7093b9438c6e562b1aa42dce4;b7fdd9f77b9328ceca6a98cebf3456449012348aa37c0c0a147803a37501b6eb;421e96f2d84b983b39db41a11f57d2a83bc797c5be724705003eeb85d3e40c2a;380d0b66e33cc498904b7f19eb98aa03f7b51d6ecb4477a1222c3557fbce3654
6;Noah;ABCDEFGHIJK;10;6d42b3f273438d289abb08b8dc9020fae420b294d828fd60a14e9eb21881b80b;d4ffe366df920d863e7d48eedbe3c2d90fa0a8c9b2e964bdecfbd1019b193282;969a6d0091131e823af700c50cc1f1b04c1bccde3fc72ffa622d42efd880e5cf;31da9b16699f14e2b184032f4542dd62050f97008e6902c5832fe47948fe288c;bc351506d42d859fb7326b521200c7fcc70df1d611725f89a32238d1eb01179c;a1601cb73654c6c3fb3e38eb4355d5269d4ac4a373dc83041ac7266870d76717;62ecbbd8065246ae650ee708d7fef3460c4ed352ee528caf22707c4feee7a79f;a1ba7bb71eb9471e034e7d9f59611039ad3712cbbc11026356f9ef1bdfa14c4b;2db32b5e664c80a65987528bc40d3d8b0248ded1ab8a0fd3671a6ab1ac04ae95;00d13238a8e7065606d6fc34c7a1e0c8fc4ab6191c7fb86ec750261104ec6bac
7;Ava;ABCDEFGHIJK;10;4121ab0055971fbe177f21c8fbecc5720b599aa86034ff83f772967dfe176a93;e00595b2cab3dc805c3b815fcaf1de476d08c4c36780d219962d374170d34137;90d6247cbef52946e3a3ee05a4d81027a11493574ce0ef3763f019eb797f1d19;72c52457352bc80ae8bb196221d0a2229752aba36587fab9b0db14140cd9c78d;7ff4495040445d2bd3176b4e56f37e7001a428800ce6fcb3c389714cb5764b12;628dfdd46cd2f86c4dccb9692a021194cab269fc22f921e73bb662fc8189e1d4;c901b559232ed12d473495619b01bbacc742595e11590d6310a7f1277a01f692;b8209fa6263105ebfb3dab91bfc7b7fc980a7ecef12aaf393bc08abd1313674d;3fe10f1ee05bacbde44d9452f8c70f4256c5a997b052fbafa3669235b3466f33;47452b515e0b0ba7f3533d498869b49cbcd9d2da18181a1f944e31864d6daaea
8;Aiden;ABCDEFGHIJK;10;fbe3613750f71d7996e9d63601dc7fd4c7b63357ea6ba5992512851a3a980e01;de2617fb757fc6b4750c6e65676cc03e9363d675f78d06e4ca382b20adda15e6;06bb6d175e5da26b9ef247d31b3a10b0307da6be17424ef28f34e48e2cd00984;03ee78244a72e02ecbb0c85d5d5207fc047ece67ecee7c66479e1c77bb6c1661;87316b71fbfc44a7c58dcc324b1443cf386d34127191d7c689a406fa96fc49e9;9aab84d04556ef106e05f24aa7c9b23bc1b579601aca8d45a88f41ca8936486d;87a65ceb83b5a7eee68f5a7474033cd0d344c2e47062c632a1ab5c898127313e;589c35f40243e4bde692f29511c71ae86084e4c3f3fc62248d70b6d269163dc3;ed5778b3ed35c8fd07ccc31105738e6c2d9899c783a5a72e660974fca011a901;245e0af4e3cc19dbf21bc4e2420a92f43f39f63819b7a3126f19cecd04cce637
9;Isabella;ABCDEFGHIJK;10;5a22e3bdef6c85307b361f2e1758f461e1f6725af6585d4ef12124e4003d8996;23d6de9da425bf394f7659c83f26e6e4ea4c5a8b636f1456649395eb77b595cd;7af3c5c070a12c879829d3a7701956b5445f2dc30deae25ee10807397ea0f311;824137665f56c19791a244256ede83ae52f42d32377c1d279b0211b15d85ba51;c71deb0e1e18ac5495687c4dc2cf807fe66bfc85ceb85048183ad576b8426104;49535ddb45d7ad0b3ff82d81fdfcf569b867e056210b8e7fd001353a950c4b58;9271a854a0e6a3f26c5e2a2647a21b7da876369517666c6647589ad8222788bb;6b2b2dbf84e0ad35013c4034f9f75da3dfaa584b3e2c2eeb11bf86445ee4a913;896fad1ee198595f7b0a3bb5dfe6822eb771c010f13636fba8010acea61bfc47;9cad6a839e0fc6b2e461e308ac3d3ce6d6f8faa267ae6b9b95ca63462262887c
10;Lucas;ABCDEFGHIJK;10;49afdd0a20ae497060405ec7b557faa64e1f69f55812547de6d76618125938a8;0417341646431e62b13d2e89548bf360d63fcaee89a466d7faa6a0807f01f947;0df7feecbe4bbdf5632e46602189387d7189041c5cf1274086e3d71fafaa5f92;046c1ffec90e07c405a0834bfaf0c2d305dce3199ff5be9e6575f3d7f77ce543;a221a7c41ebf4df50768c1d6e2797a8e1826cfbda6b0bce042e52a27ceeca7c0;dcbe04357c1595e5a96c81e5bcec0ca19282aa0be3c3df5d0d641fc28fa25352;ae51984b3c8cd1b551d72a9ec4371e7afce385e2a419d130975fa46b2716acc5;e5b090db2396076ebb8de9504b8dbf4984ee1f93301a360e5472450d02c98576;77a970087f4bb090cf3ec31385574e75967668979ba29972335c8181ffadef93;4aef999fce678ed48e8c9e02876ea3af14840086ca2583bc52aa3f9e708a0538
11;Mia;ABCDEFGHIJK;10;77026d73fb8c33e0f45c3f6bc3268afa72e390c9528396029fdcc2881aacf9e6;b392260ff5b4fb3da569dc90dc17c7f12100317cae82b420e1c0e0b3e6c63ab8;7289e680703388839060cb597a2ac5c9c59db6be24bd01620158768d0da98628;98444fbfb140f1db808c7f30a90cf537c9c3232b891da197170b43e4383cfa1c;d51d66495febf744394602bcbc44410ca4f320d618430eb2af0ee6bcf3591eea;f7c98d52c668de808e193bb4c8ddc2a467d53294ba797bb62ed65120706bff8c;8f30469e377b7bdd55ca0ca8b3036bbc5201a1a4a659de358ea96acda87c895d;5b451e4478c40aa90b63ea403c25dda45d6797e991246a21e0bb8b6d6e710164;6d63288533f18780b4a62cf96aad0d062d8150a6c14ca597f9c6370d8099b863;dab4f3c260e821d072a30f04577b1edd7e79999352e3eb03c70de65da3258a07
12;Caden;ABCDEFGHIJK;10;484616315092a69ebd7cf4c1b030f82e5fcbe4abcc2171d19a968973ef747cc0;d8c280e4d44bd33f08e98770b8adb24d5ce0d0ccdf740c81803fe54ee3c0351f;10989cf278336b5cb5e4891ca7395fe7d16c0a395c394bc80e52ce486d18624a;166dda26a1bc4a9e1a422e6bf8eb502aa9cbc4b9854d48e35ba7cb012029c403;d6c8f7a2242a645737d55644d6b55fae290622c1e32124dc05850e1578211aee;48f059f4786008b763824cf96260cec4de0a35405eda230af9f2ba3c3a440fa9;b5570b879d43541a7c7aac7606ead89386960d15a521432e122ef5f12566246e;eb83b37c3c50783ff69626232fb7a516567256bb7a3f9cdbc6a4d772f1a8b0a7;e62fbb6d2fcca591dee6e7b4cf68fd180e72cb632cfc3b94c64f6eb6543418b2;00a1d8cdd39e1d60eacec243bada8086b4c9398326926177f1297c07c365e9a9
13;Aria;ABCDEFGHIJK;10;3fff9b667a867fccaada0d823d064743812b5ccafcc01e2f229dcb2cf2834826;e539b9a4587c2ba91171f25055ebf1e78c73d2c40339b062a1ff6371baaac5c9;70ec38fc286aefdb60c97adc2dc1b442515391f57a1f10b60e68dd7b776ab68c;82638af39762bb4252323109516a0b2249bcb278deef09c7329cb891872f0a77;101f046ce8f4178f753a0c5ba0206063c20aa685f3ac3ca308215bcf2ce2bab5;fc56165f824aa31569d4d41fd6388bc411c33b53556cba5eb2b7e4f93f809535;dbd3bbb35405809c712954849938ffc61e7ba9619eac2263cd60801e65f89fe9;39b7290d29bd9041bf7b6df50eed04959038a4a03a2f4dfd339d0f580c817f45;f72a5eb385275b9067e187d170664d114587fae21f44c2b87184ec5d544f6a1b;dcf9692aba4563b6de636d3aa29bf4bd7b055d791a687dc73c08df1de2be58ee
14;Grayson;ABCDEFGHIJK;10;ac923aa891c087fad57b02de94044c04f44416a564065cb90c07b672397f5f87;a811b7aa07450505a736091c125494d27a57817dee29765b64cd7c3cd261d102;57cbc245393d4735758b78b24246b524ddb21c00db22a575e83ec8b45fdc637b;99b77cbf11e5696c7987be5d0c3b796e90574cc14cf51c73a8365eefca8aeba0;b96579aedd6a04f025a564bd261be672a883cab87d6f188626ed2fffbf381a35;3ac681a07392f950fb75c97a1079f3a70312ff35aa4377f8df6a486234a96c55;f9bb614d9f1c9b9c72078f997efc0824d5b3c3ad9d994b39f818f614ee13b557;485a4dbf7cc98952bfc53cf3fd0bf2201799206a201099ee38e54361ab951841;855f8de85b2622dd18b0755ac4d7088154dcc1267185dd1c03444d8b4eeefe69;2a23a90d0a4a184a14dbbb417ae793cf3d24be70a8a3539d3a5cd98d8fc21816
15;Riley;ABCDEFGHIJK;10;57203d2db503c69464900aed186d864c90910631d0d310b05d02be6d1b8c8e55;779ef2710303c17f83124040f78f2eb7da6b3a2ab09a79325768a697aee96be4;1a943e246aa5e206fa2d18bd466ce9ce89d859f44997eeb597cfe1080dd95c3b;1c890edbafe2b837335bcfc6d14b601f064e0be85ca9f8a39e68d4188b344e1b;637a65ac17df23e7ec9c573923aaa062e83c73f4fb6d4077833dd473f9a8c86c;27eeb4261d903fd3c561dcc8b027643a6865691f608f4f731ddf7a4b9b688e1d;da1595ef921e006f89f208f76ede336f084780e7389bdd38edb4b373d5595abb;6350339f168b888aa6e088a3efc4ade46c725c01176c12647489b9e075f0c5f7;18d293fb50f0dde6c826e5037d73741e53b6dc85df7e7fe722e410fe07bc7652;06af63b102a9ef9f0b526fa4e65b1cee73e19d937a7b76c2642479256582a5d7
16;Mason;ABCDEFGHIJK;10;4d873360dd931098ead7d69255176e685875a3689ea25f9446468f2d3505eb63;03afb00a42d945c8125097c0f29342c8bd73a73c267d89ac71c8df6c28ba3eb3;a9f2c3619d98c744b008e5d68e7ef44c242f14e37cba39a2af4853707da74c3d;cbd3a8f24438c615590b2f9b85a25a71e145b8433b0a01085370839695b2b503;3db2a6f76f2d75123587e895c759682805cf670facc0c4b9dabccb3a67fef228;22b15269be70d5bdbc90b3e29d517ce205ac61918f5285eada4307c38e0c369a;57433be73e8a7484400fb05356f64054a987e4361a7882cb699121b5274c7a71;7aa536698df566b7be183ce1c15837955c00383eebd1e40b483ba45058a487e4;c165d7a565ef1c1bbbaef173d27eabe79258453884dcd0f5ab4bdfbeaff36f00;f017e76c1eaa704d253942583c12d771af87c747e70f3392d0137a0fcceacec0
17;Zoe;ABCDEFGHIJK;10;f2095d3f48f6c0366423436865156687a0d0dc0826ed8ca53d316fec4b5b9192;13e51ffa9a49affca9ec3df0972d147be3b123d3b2d85bdda9e07ee342356fac;131ecc9b12df7feba6065ae649820bf63939c0afd83b132c8c29ad9c5f38e43d;f805ca45e1536621d2e2c32b8a506446cea54173e1bfd2c07b5dacdd4b474e37;75ea6d4e2910fe402161502081db4d1c27f94142efdfbe9f8a3736011ef8e77c;3825f93bf80e8013f5a98740d2506b1ed3b73e5962d4b7cb614414069d401b01;7023d0fbf0d4a642f7524c182c789c9c2985c97442065f713acb3f6ea98fa9a6;f9f4dfc2082c69234676441af9ab2784ff49657e46276eea03c1cfc7f2437819;bb3fd6061c026000ee4106882a73322e70cb8be28f0dc07acd9de4f8c2f00aee;8b715279f678dcf749ad146b93d7c059d0b41aa9f6a4faa2535577854b33b978
18;Elijah;ABCDEFGHIJK;10;25e975a018dd7265dcb44a17e4ef09de51d74397e8b3b3ab043e8b2f7a2b99a2;03aeb4fe9809cb6947c229aeda25061b992e744f6af3b8f7c9e2825fa85a0b4b;4958c937bca00f8315dd16ac885266bff746550075e578e2c5f6a37a08430820;1f7678259848e8b46bfbce93688338e2c3af0a1cd11eeacbf0488bc77c5d4d3c;58964952a32716780b2490828343030bafd971cd69cdd46f10e8f5a3d7ef7f1f;326d12c0847e6f3509f039f7afc63c13a1c7d36229b2dc075002a3104bfe54e3;0e3d813569ceb32202503d77e41c1b8d03ace486df54f5620e2a2174b6f4b411;698303662587e621185496d2b09f52627f7ccc41c9bee0ffffa1c81bfe2b36cf;678944cbea98d7300b9bc8c3ef0c0285108156ecff37bb603ed8215c05ba7919;943db9c8689a8ac29dcc6d27e8e88e88b23225f3db867d506cf69b223fe44f6a
19;Amelia;ABCDEFGHIJK;10;6fb693ee39e015290f087a0ca1489904a441af7156dd7fef33e26290d3ba5741;95a2e6bb170dc6d6b2c91128563ec6aa462b7da5db858d777a776635eb689cd4;050d355a74533aa83213c93e926c95f3aa11c8393d1db27c68887f2119593137;a342d691aae125adf88600db3f7f3578af845ee54ff3496cbcfbd06f98fda93f;1fe731ddf5c9847881dc3b75dcb9992be3e07bb43245d7819d933ae69a438699;d413bfe6001d6e37c506fcc4f4998d5fc876ac57bd20af3463fb2ae62199e5da;5e9182a060c64cf5e586dd5936660f9899b633e8157153d5b09754db138c7ca3;584a163c9c809793f1ae82801da0ce7be247b6d30e63cf7b08fe8808b4884737;693fa0023a1adfb0974687a4e79b6036e4ac1c4cea32f8a90a42eabf01376be2;78a45d52397f4bcd64f2807a3a5352385ef06787d5b0b21c9bad9c279e9fe449
20;Logan;ABCDEFGHIJK;10;1d43da0376f725fff867e1096e3635c9a66de9fb5282770b60ce41e214c948b4;8fb0940ba607352851fba65cd892d6db0f26aad106d2c8cd3c0156eb8505ee0b;8f69faf4b0945ba700cafc10e32e17f30214359f6c699924993d949575f94893;41c672365d64b8577da59295e0dde6a2932a20b877fc94087cb84b1cc5b6c322;dfcd28d1604f0a3fa08a8e9d95a8d58b60645e03a898fa57eaa348d923e29355;45759a68fbe9c50845b78843f04f8e8535c02bb23a1a4ac8ef666c77da5804b9;1c8b4ed5fccc399ddf454f983c23c2157265f73e8c6522cacef7352017398c99;b58d913c2aac9fa3c271905b4f55f9a21d8fe6afa624f120fac333cec9980c74;2bbfb07fa7667f63b29b0c6165d2495267b813db8d6c8dad8add73e1156ee38d;e91501495c3a2d44c538d5ed092ad96efe4d1fb01610d41518a8951d5ec2c663
21;Layla;ABCDEFGHIJK;10;c3647d6d4f8e8136cf7640d1976d2346c2569b7032aa4bf143613bc6608b0bc0;61b12078b25e32daa115b3daf0818a18d9777921fb7acd322ec60dc4b51fb542;494879c4612ff22d9646e175f2e7e9dbf5de3083c4fc202373e7789ae574b061;70d759f30b22d1378900a1a21645c1501e0fcfbade13445163b81976261bd6e3;74e53e2720fee711a76f90d98c4eb755499df3d944cf81063f5e8ddc11db5baf;10a55cb79be0e46648cc69c9e32c41ba3fed7a39e3100a56725d347d00bfa68b;56459103a26b22fb5e2178dec946e0c36992915522661ffa37233b31e029dd77;efaee8c12e011d8119edbce7193e8830c7e0224df87d81bd7c7d13912c0820c5;d744d28e9335440980fc33e45487d6bad099bdda7b3017298277ab6372b66836;6efee3026021f7ea234029395ec0359aa3a4f4adc13767e4b9220825c5084b93
22;Oliver;ABCDEFGHIJK;10;d2488287e89e2bb00bff6c4e767fe5f57828e531700b3672bc94edbc0c1c5aa5;c4c588e7b790b0257b39e44c127e82f3e45a709c7adf1ee8fed17334532fb3b6;911eca14216dada840ebf482ab947eedd0f2630294aa55b6aa37bc1b1ecc1c3c;f52b85e1bb8c348cb7a6670f995e242a2ed39e47825f234d633c3c83dce8108a;3ba17b3532e81e654d47b89ec2e1a04154365a65fedbb70470a1507b2b91884b;8848a569dcd01b7a6db50ccb1ca2b64ab6b387e004026027293f0f02d639b464;f9b2ecef6af244e00dda2a479092f0774bd91b169eea734a7ea22f49eb284c77;9ab4b25771e32a76db78e52491766c01bbb89c71db54811ff5b9dc345a23b643;fa596475e33dd11eccae97d3cae69a56bdf5b45ad2377b30ee192c1b499c87bc;4047aaa140755d5eb92a8c2cd58ed9fa3e31ccb10b773e091a8046c9b3b496f4
23;Charlotte;ABCDEFGHIJK;10;0e481c55eea1567bf4a5434cc0d713d14531e2d7dc75a10a7b29ec40dc5097ee;d6426c5a36fa4a16c63f45d0e1ee0e5409c640ef1f1d7fdc64ddf05da4e30d61;7578c180f1b19f7c738f22b9b62c7654b986fc9704ce0268137f25aa8f71dde7;46588a7ef05e0d1a13159a31fd5d741222769dca21261f38605edfecc2e3907c;5daadc4464d5ca68a16bfd5fad1ffe07a52c4ef9ec9305251a3f8580bc6bf7d1;bf1244e8e887989cdbef623c9a1fbb6022742fc810323a52b7fc7bca361d0246;fe47bd94da1ec7fbaaf2e827719cc731ba5e262dcf985a8495573f0f76c15df7;7a8c1b2e282798c7f5a1b435841bdfd6e49976e751c0a9467d3040d4c6fbfa7d;e416c4d1ab9d0afd0825a4da4b624d6af684991c8ba93dca8d85009d2754c58c;9e0d46d84c8bd59ec07bdae6720804d75d5d9d6aedc8806bf43dc908ebe01128
24;Ethan;ABCDEFGHIJK;10;d08ce9b35434a29b6d34ae4df99114e4e8779851b754c4c39a72852d8ff6accb;537ceb64562ebd433d43a6cadbc45bd5031a8df895730670f0a2725f9fb6b1f6;ac4c0b2db991abedfa94b92025e6f4fe8caa819bdb83c5bd2bda7c76fe9e76f5;b43e80f0be3361a3fb372e49a2044acff6ffeb6d75e4c5be5a06faabbfabeffc;cccd5b0f386b86768c0a8bc75a4a8221b48fe0c8ed36cdffc3687e809013489d;868e118ee7dd1ccc23690d0932cd0f66954e4c888e2513d0909fd47db0048f4f;eed78dc7c439e279ed9ff512dd74ea03ee5bce9d2ae79a424dc278582fe121b5;e30e4a6278bf003fb10385fd1fe3b8b864679d45df8ab6fdf45bc6a516f3bf6a;121418e6c33dd613014f88f9291235a36953bc062e65e883cc95f4ebf3b7b62c;b8a66f757e22e9f7c4517ce863db638b62bedbb149c6fc779e36b7e2c7b37c13
25;Aubrey;ABCDEFGHIJK;10;a547fc8c7a27fdf4aa6f0943ad0d6252a98cd66c08444ef994295c983d51384a;e2f86c0847e2c9d027575d85f65c8c49ccbd00dda139fc0134aae52b0f076db2;14d254b937ba6f16e693c065053c324b5b9121c338671832d227f2597f893c53;7717a551f976ebb61c42293d72da7678f69f904f68b26312d5fbc4bada208640;749018c5865a4a5cd9bdf4e06139d0c7f2c857d9179647f3a315504150f79982;dbef55053480e79dd73029bff9252a824e64809f6458faa6c4e78204cc38166b;39769b86753a6ed0d391f6d76d73bd7bae3ff02562c0e6d9c91ff66d2c50f150;ec515cf86d99952362008938217f7882a9b2960b14a8e5162e7497704d960b95;15cb54ff028f2d89a3605c43c146cf609c3cfa09cba2417f7e70fc7a7b2dbc7c;58db507db6ad56c7d3018c5bca1594ac1a655bc1badc2878378585aa333706be
26;Jayden;ABCDEFGHIJK;10;482c4823801a0400e11a3345f1e5e0d249d66d11b093c3fd9e8f7d97747112d4;7950e42b986b3f34bbbcacf659cfc5a510f79671c924d7f391fdc4b997dfa7e6;106a20acd0aac3bedb2ae33bb50d2df607bb535cb345b9f0b17f0e9a2e3b88c2;b601207b6cefce593b4906192235c96466651848f7c51b398325e0689c643c03;611247bc8819dca7be23ab5b96382021688bf8e99ae36eb339598e499356dab2;0b28c5a0bdae6ed62e0d34134ce8eef5ed19ad362c93c764cba85ffa31b813bc;d43e7731d10ebb87d526dc01c580c33cb8027f5c3658a4f5e1dac07cb73eb14a;09c6383d87f59c58202ec3359999ba9f87d995b7ff01c2f2aa415a024ae8de0e;dd2a203ebafe6a335275ddbc49799203dc2d902417bd5fde4f74185418a110e3;acd0224302c241ebe64bc4760c4b708f07f575ff13001ea61ecdddeedf2e8b0b
27;Lily;ABCDEFGHIJK;10;64e512fbca1b5430ac91cc6ef6372cb0af6dbf8c121a3c6434757893f09f4af6;9aadba478f0425730f2812bf8e408bb269b635080762dab3f2520ba7ce680974;57c9104cbcbceff0b3c08a1f8856f14ad9df4d11b3976dcf1ed335735668ae79;fd19e3868eb3d773e393adab9415bfc2103cd3f681fd5bcf4a314e6b9b7d789f;773731bcc61fe76b29d6d2536f364ebb0b5a1e743b9fc5121deaffc94bc8dad9;71545ceb163c024e917b333157c2ea32608d2a6acdd184d0c3ba42a4b6f60eb2;0b5a12e03c632e15d707c0383692115d716aba0495f05c15fb6900e6248bef5b;36b071418c497bdf9f0409e7863e58f187bf9123e33c21e33d032b245e537e15;cebc9212d1b08a4b1731c28aff3f69d283e6daa0fa74ed61fdc850c39e37711d;ec386b73a4ccd65a646b33b8afa0146c2e474daf35b88f4b911508e38a3ff7b3
28;Muhammad;ABCDEFGHIJK;10;b24de35d030064fa0da37094db7b07f88d4e2087aba9c5a3330973497c1d42d2;9d71bfdd102698dbebdeacf5c2c7744151a81bd61962dd55f8b49632b0877489;be83c1209b78bd3f6cb479d726081bc53ebc4bec21677609c74a7023368b9f43;a6f1ec47640dc78dbdd87fc7600fc5c326b8a12a6532b82d88e9b2fe6f45e464;5ab240dbe1528a04f6eb247613ad5037f2e6e56c0d1150f1a0e4b3c1da77aff3;c72f7ec4768b1bba0f42b17d69da11df1b852cd894106b766a1a7ca0be823730;ff8ffabe05c57671750f892398a66d0e6dbd7cb6836bf636a7f8da24c55d49fd;73170f8660b2b0705f0b09f4b02bfa4988fdb197a6e9451835fb285c99da6536;92cdec5c85f75710ab41a92cb78d2298da72075f00c5ebaa12a2db933017f759;2302c40e78c84537f96c959febe04f81afb5c85e421c8b680f38cf2a89a6605f
29;Chloe;ABCDEFGHIJK;10;314885f3b250cfad9a08ab7c6a0b71254e7f4b15bb780a3ddeb7ed18754cc538;ba60bc240c6f8b5c5ebd6cf50e69c47c82c92378b040d469d135ac4e0d44f3d5;b32fc6c704f82330fb4eb6e13548db7fce919cc759d3a9d58b4a75927db0daeb;1a3d63ca37553a8181ed7347b6bbefbc1ae08808d8a757156c349da565a3f103;ce9d2d120af791e18693a3aa0fb94d519ca45e4287848597f71d01e5d56c339b;e2a2fb62382d6e1d7d693f9d39d6dceb5d2201e409f9cd32c56e909f561638b8;1e52d3a60770f314fd4312e0d558bf575ea443312dced00f086d542050d95f9b;9e6240b987eb7a3f1c6966c60ba7c5d8ec6739d4c927d3c3edda0ad59c96e4e4;d61f8706eb4b55000375ab3269a7f2d84ffb4ceddbf821bf98214da1896fe665;bedfd53fa184f3999aed3c09e447be1c810cca1b92956517b4ba07c27d234c5f
30;Carter;ABCDEFGHIJK;10;507b389927e0aa92bdf50e7ffe0c119ccb7e2b10b43012a95b388bcf86399222;22219353706394dd312e34b433bf001dd711409c613ba75034b836645d44b6ad;ec62e5d714ffde31d8f3d756abddfd6db2a0f91605c170240e6a92a5d3db1d81;f4ce80b687fe3a192663ea1f8a706486c428d3cf1f45cc90f5dd67de97e7dab2;0ae3e0e6e85ce66b06ebc20fedc3b1c8608aec51e3596e2733cd624ba7dfe7dd;7c1163a66461c02cc77ceaa962d6a7c8d46b814e27757a5e3ac2117d5680545c;18e32024bb20751626759890fae75d06484011a13880ce3f5e610760e7716d84;4d35243c99da181755fa7d76d393dd6c41d200dbd4a13079720d63be54452b40;4370f7585b8df8524ebbc05ffab0147fa032ad340426bbc4fa12a43e69d45580;6eae2dd212dac9aee0fe04c915ebed28f498eff12cc4148e2fb3ed70c9e24353
31;Harper;ABCDEFGHIJK;10;17649029a718c93179e9da331e780127fa1b3078855fc457c7a0c36dca66360e;f4aa95f0083c66b54cab60bcbd278f6a80dba231c199b41201e437b5b75c2c54;b0c11abac12add0054588b43dc812573772e0321846482a6adfa2d260ae4be07;98878f2bea2d99012e60d4f112073daf8add809bc436eac85b2613e80479f6a6;61101eb1bfae63fa134323b970f9b199c1d7040f1ac8c336707496142d57fe63;d694ff1668eca5b23c44706f5f8fecd76987168c49b94fee92b186e9295586f1;2a2e2681f0d0eaa0f557bbc4439a7335f6bf9730ab8c3bf8c4ced8152da50e6b;5194a8888927843609d723021a9a8ee7ff6afbb74849cf6de2c60337aed33feb;85bd5e9e2983d246f0f2dc590d2bf59748dac65031e888b99bedf7d05282bd93;5d1a7c00bd87d9bef1535e455fe6dc348d7ebcd72eca2ea826a64abf265c9e7e
32;Michael;ABCDEFGHIJK;10;a926deae7e334a3992fbfa30d4d7582368bca2ff786bcdfc9484d969bd2a79ce;8b63be6310da5dfaa336223631b0af93aed6dac647da7ef7934b65657043e565;03fbdc4f9b69fafc124fc7914fbc416712034e3a2480e6a46939161891185418;d96188307f70df826eac04d340476c79092b322de264d4863e3515a895218c09;6bdcb76976d88d1e036ac6d4b10c71bcdedc601f03e8555c200546ca200c9066;e54cb6eabaa20cedbc36188191757f831beb7862be75d62ead60aaad2ba364be;9c2f8383f1aa5e6a69061e12cd84b6952b0784184d801ada98a075d15a0af5a2;04bd3a11b5e4403080cedb89dbb9a912b18afe2adad996f6bff065b049b16183;389978970b3aeec4dd6fffa854d83f7f407c86b4fa431236ef55f32a087b1fc2;cc292a2d1384640059cde2d30a66c9ba3b1d9bf1ef37200d0a2bbbaae480865e
33;Evelyn;ABCDEFGHIJK;10;43079487b664ebafba46e77698d58a4b349922bac01c071112a4374f8a766198;7b43a0546a75fb4da9d73f2f33b9af6e8bc777098a5735d15c4e4e15a588bf77;c6c9a5d45cf1936b2053f78ead6fd61325d3f48bafcc0346b589dffde511af94;67cbc51d481e73bca437cb99dc55e12d3936cdab00e10aad0a1ea5c8b34dae3e;b1a79b2429508df6f1aea08d3a17731b5bdb52be0729f592a305e7c4c5f8b362;59099a87582e69d75d2a057309f92be19976adfd667d9200ac7df5a917674881;ac6479c44e4852f8e9247576263db52725eec1538029bf66c2d1f46200b25bf0;7d490919fceb766931524d59f14988d1e9cea4e69758f990adbae9a5adaf9169;3d3e77bcd424d58c5f2a4390d336620f8b5516bc5b633a5ac75813dc5c541000;9903d2a6f44e0e353c106fdb1349077f6bc5754eae649c804ade36c28a06897b
34;Sebastian;ABCDEFGHIJK;10;0306aed6a72de9d32e0b9d9ec430e92f01d2c5a0d675e084e47375a9a3435300;8e5837886ae8a3b5301b2f125ab65b802a4155a79442b5c22cdeb3bd3188dfce;2a9f2b7b2e9747188c688a7139ebd574c7d43faadd4b5cf7b575fc04d748d8e5;5effda9ae8fd9e868a91be93986a29179c98aae61323fb3d8013917592551111;037bcf1d83a00dbafcfbbbe50f67de816155b2f1b7c571fa64777a9c0bafdb71;3d4b9e8ba7bca7097fbe85dc7ddef5b9e7140c291d2e67d7c530e4ab61eef729;9379b2c12b916b4df75fc754e33ebd6024129a1235597adcca7bab1fc5be3c2f;f1f3b79be05dc6a7f67f312ee3810ff5e9b5a8c7f770642bd8ddc4e1c4d13a6c;0230ab18723ee333f5fce203f57df664f297f3299936c29a935c223d9192791e;25d2f5cefb9d5e96649a3582bbc56eaf6ed956c41f7796cbf3536fc2ef564873
35;Adalyn;ABCDEFGHIJK;10;bef1a0cc6ba9868fe2071e80b7069f24d61e68acbbcb1625dbdf288689d6f38e;622ba2b0c4557eb35e518a5e92d6a0631e68f5841702c441d1d4832d36b50f46;1087ebc69f50b21abbcfb625d6ff87608a996e4a9fa7fb8747af9f55f0432935;c28553d4a058b5679502644ba6486c8b29fb628155af4b305f1f218b59e653d3;74802c5978ebfe61912e6b34711b9204cd810b508567771583e32d08ed8c3745;50e7701462961135637f4bfd3a3bba66eb43a1b1ba8f7f40432759d149c558eb;ba4c14f03ca99827966bda6c632c993b6164c2600d4902196bf70f7658939bba;d2bda49564045d7d0d447eb2769040f97444f13dff6ad630fc002d858420da06;00c04c32a8666be7e8ef50187486cfbee74cd3658a04d88d4ff11f0fdba9b362;2744f21bc1b1e20e8974e71f594e01282e7f3af43b0cd8b8ae67250547626d17
36;Alexander;ABCDEFGHIJK;10;f14a798017874d94e78421db5a126e664a73d81b32bd8d3830bdc1e5851e05c6;50e4f0b88e214fd4326083cede01fb0aababc3a58e26581c13feba6150a5051c;b5502b12a7d7ae0f08eace6ee0db000a7b99753f2afff36152fb8e3545cc057d;d897e5993c0d48022eee3a2ff124d64b2aac18ce00d36295c5ec2e4bbd8e2695;11547ce885e7c55ba245d3fcbc1ab65c446dd96d21292ec037ace47e88ea1cce;aa8e5f28e181ef44b642a787da9f40f8421b7229e4603dd70ba79a11d2b37d7b;cd8b68b0cdba640eed171f394a4c4b7df96dd62915c89b59cce676c743e2984f;da8408b0a088a5471f345504463cbd7b7e8cbf6b292b87a755718954a2ef006e;89a6b90fa295bb22d494b008f2a40c9c5a9d89ee79f4050ac21bf4934b52ef03;2b8ba46e682a4c355270442cedc96419839f3deb4880c687ebb69f9b8344273e
37;Emily;ABCDEFGHIJK;10;39bbeaf47691e1eb96c148ef3dfb2b14967b0c05474c34d35b3acedb035e4c1a;4aecbc5a157ee3cc69a0969a374a98b8438956b6f2d5093182502a62a6b122c0;580e5969fa6deaa8c6ac0595b57258ed1e0a55123940deae12e377b8328028ae;996e694f499e3f1ec3bec8028e9d0df848744101ce23d087a2934980aa7c8002;9f8a45deea9f290a63ec6d115d8f474e0985b2e519ce455e3eace6cefc1acada;6aeccd94256433e27e655e5006acb27e56ba362ca56813bee50f593b120641be;3a4b8583a6fdb8f03d7b27b26b368ca5b850e093134182e4d24cc2054629e4ba;6167563f0b830021edc52df20d4ae759df644579f8c98e54403ffb6c7ef13976;84ee014de4528bf62d8ec13215656052d918a17c4b72458b0cf24e7db3779653;3009073ee2b210e92da4979dbeddde4424f5e9a42232a57675fec2631e210690
38;Jacob;ABCDEFGHIJK;10;30a76b29892d7d0577feb5a37984c9ae3022c484bbdff5e30e69e4b8f22eac47;9ff981b249221aec666d003a00a34d40bf3026348cebb5d13af0db66eecb9ae3;8e486c9f9e37a7bd9b4802f42a0fa128f2912922c10a2ce21939ccfae8ab5565;c465a162e608f3c3da1d8309132310ff161b248c7f70358749f826a0b05dcb7c;553a4c242e5e0ee83b0174e0ded424550d213763ead5ce0f526103f35308a4b3;a4a314e870ad750bbe325eb19dcaa930535261f0be788dc7662b6765d5f1775d;b1dcb2deabf489c1c8e777ff9912b78cb80a606c0aa0397710e721fb60fac3f9;3dfef0914d5610a32b1a290fb9d5ed05301ba1d517bb94bd4035ef3f47346aef;5811cc69316f2bf51b91ee66b47df45c92ba85d58d1b8e06efb1f8cdfc50b406;bd0073dbe520340d3a88beed203fa363f3a3e5c50f53baeca1ec26cc6c534b6b
39;Abigail;ABCDEFGHIJK;10;af9ed7a0d5a2a117525a3cf1427e8f3f9191ce6325b3197965500fcfd7b28577;2a3c758be66c879360b0d45d9f59cde20c3ea40a9a4f8880d439291bc793458d;414d9c328a77915d541bc4e431da7a8836065a010b2582a7e2c97bf9c17ea1f9;59bd7e2a9672285ffe37855d6f21f60ec86440abaf084fd5485b861af63639f6;394a9b4d41a878150275e8548bf36e267088430797c078d9f6b7d991977906fd;c897d9ac9986ace2b7533e84a1b43eb8ac88efc2ce22dd37e522087f5432a982;ebb735112c228f1a0e5f6ed60b2930eb21864054b4fed81958114b82dafe7ad5;33159a9047f094a22f017ff8efb20ce5937ba5b3431d83c95a8b795123621c3c;c142822017c7cdd074279f83da8162e3f49d853aff4f726506507ccb3a8127bc;aeb1761e46b1d69f14897ba7f3ded0785e13cb874bcc36e19aefcab70a673c94
40;Benjamin;ABCDEFGHIJK;10;95a78c4cfb6c4c6bd19c991dc345ddef7504ed59f428c817c12671cda38f9d40;930a42d076d50bc5038c8449fd7fa6992906aa6281668bee0a1a5746720507b5;21dc2d6eb8e69719af095e5d51f2d1c1463b89aacfaaa16832c04be2c4099266;87ca1e2c23fa7d02b05d5d8f1ce6f3b0d42118d286254eddb8d330db22b1ec92;5b068e7c5881377726fc37e1cfa7f5d2a389d9730239077e85b1e0a48e5e0527;6ed02f9f3436a2432295a43637724d046e02da681221295c65ae3981c80fafdb;5d3b9be4b5dc86295f00b9b0115c39b3aa4542f12aeb4ea2d942a5a0823789bd;475ec390d0735cad20b4efde0fce27ecbda62976e9216b309463017fad797c6e;f6f7efbe00fb2766913bb464b07a80c230597149ee71f891798cd044da62a930;9fccf97035ebfd209c939d433e3190366750b2e80c601e8718f6718e76bf11b3
41;Madison;ABCDEFGHIJK;10;f957bd7dea1c414b9c8b99b21d38d0777b2b47f97b4cd0392f272d8427d8baab;1f2b3cf9b84b67cf44fc9cd7e85c630a16f711a84aaf47b7323875cb89e797db;b03644cfad671ff446f826a095b85ad7a6d571189ad942707fcf3e5052c2552a;e80bc989bde468bc11038dddfeb6f8da955277e4366890f84a80d58cb28dee24;c712bcc87d7c831f126be6ea639a7860e91ca04a577c69f3c4b66ec288d15a5b;31820407f95becb691e255f5d6a2dc1758783a4b07112399954296f967fed2f8;a0093a87bb0d9c9d0a54b216247f05ca79e868694cdc1a1848279366019a1d3b;ceab89eb267ef1d35f32461f0f857b9db0f3b5716c52fa9f6cc8e0247944b6b2;e843e55675f44eb1983178b94ad631a006ff8192c3eb5edb8de44b90875bbe71;04961fd501f3e35945f1ece1df15fde72e534171bbd5733aa5373b2508c2ba49
42;James;ABCDEFGHIJK;10;3b0d8b37be3139d5e2c1dcf8e2e351e126f5a7693024474e5b90d3e7d41006f5;97b793ae8c6dad3c88a850d50b99b4dea3bca7f637060356226c730d9f8ee757;a75dee1edacfc4c36931a2881e771a9e39a5f81e915d31bd9a558f08db82ccf4;d0b60e17b9c085307a7d90ab0cc557c970fbe17c2ab2c9bf059d5eb4c1faba9d;bed02f19cdcb0a5265e015ac0c6531f492bff7f596e5371775f5608662e7e2ab;ab8631f0655d2600d771e9a86c305a84735918aff640bad3f80edb1604dccbb8;740c2805ab2db77345d919c74cf18491495c2d921b8fcacafb9bbf950a501a43;a14ca9a681e93eea500f86838d1d717c33b395159fdd0ed2c1a3d67ce271b8d0;50823eef00e8e2dc55bbd8f2b92621e36635df74ada0523604a802262f07099f;1bbf7148485c33a13cf7e81a0d689d388a5e03cff802e8bf45e4baf27036abe3
43;Aaliyah;ABCDEFGHIJK;10;a8d7046c3182f10fd8d00f07bce6957b5ba9196a0f39c0d20e1ad9f097de0d27;01832e807f786d16bfb01ef3b1cdc30c0e9bf8a51cb6dd9828c32979d9f69f91;d385b6099dc3b302974c7066cb4403519f785525d2b74c019ddd68a78df542f5;49161d87395ef83ba5bcbeec34124bc7804011e335a166afcc70a5c503ba20c6;7845dd6d2e39d40114c8f71eea67d89c6154e08955f5d319107df123baee5b29;af53eb15364a9f00fc1dddc91541b7e3e42e81b38106d53dafcea6b9e18147ef;16a3e9db2c877c18038eb99001c20946cd63928dfbb4da6a3f080571894d37b6;67fe1703a7df374422078f9b2cea8f53e2e0a5329c47684ca5cffc5117beded6;d6cd116c2be030aaf0014b47a598e440eda7d9c036b52f375cfb86f4bfbfe608;737791feedbedd5ccac536f972325e415e982d15f0812e7ebed87466c21fcc8a
44;Ryan;ABCDEFGHIJK;10;b9ca0454fe6459cfc676700167e9bd4e7f4091fff55f6bb1459d972cdc58a5da;51c96ff9dc922a4b113577a5cdebb8262f4359d7b428f35904b8a17e16871c90;4bc63caed435fe452aa31d059e965a51fbd5e0dd1e7d1af039925e9af95a80e8;34d8e85d251dfa17b2567602b0436acf2976b1037371e1c5e01c1c6d245614e7;79c73ab64a9c3979055728c246ce85153a09a57a1317ae08b45d7da92f6d918a;26e34f08dc9927737cc84d0536ccc683a0ff198780a029a35b2f75919891c6d2;9f98baa434a252448560ba3e79560a0ab9561c94c3975795490690f77cc22949;f1c995496e8dd2dd83a4f9b6e68449a4d8afaabb58d4cb200b171bc9d7e0ba0b;c460b8c74c21f1cb775b5fb5975e8bcb24683dbcfd5284d4125751ad0156b5e1;79601306259d1d4d3afd2f0482dce43f7212c498227146db33f173bf8663bac8
45;Avery;ABCDEFGHIJK;10;da6aea97b4c5347eb7e3efcf13ad97335d142328128e8f285d75d26d3cdab676;467111167eefbd64c7b2618b154f2c62807c84ff80b23909eeb5403b819c648e;105245ccf5e314c03e1e51e6c141edbc8c1ba36aad3440abf97985074e5114e6;7c6f9d340afa79cfc0b2a77109ac6fe67d55817bd3c715b94f3750856aab103b;8e375b999719a4959b980ea1e1edbba9cbab8d544bd743fbbda4d5656040e5b0;96cec181b1cc9f5916c363b3aee35fcdbb3b0dc4e8a1b998bb834255f198b6ed;9c267d10186f7c0e2d85d5a6ee84727afba2079c0a6b7d5f84ef0bc88cf297ba;e2d58f3b0a07a19283aa5fe9e06a77a565e36517dc709a6e0bafd5ccea24feef;354acb625b711f16069b1edac85553c16d3cf6379d9d44f5ceef0dad37c79a3b;dd23cc617241d764869885163c39e0155c18ff7dcde15f99319eeeb4066ae153
46;Matthew;ABCDEFGHIJK;10;546c9ed3cd35a07226ff1b0684da9e14c139de4c06dcd0371a380a0e4c9bad76;98f4b499e4afc8d20f57f0476108bdb1a61e66e66e972438ffbda1fc762bb0f4;4690846e2657d1e96b55fdbb9a25c7d3bf29e5f05be09239178b717d06be897b;9d22f8a59a98cc520521acdc244c9ea6314389c07f2dcb8d84c331efb68dbd5d;a1cad065f40c1f367b908f8dc8ab13de384e982f5343a473d2aa961c95c0e2bf;2dd15ab841b3f41bef988e32c73a1b8cfeb8d8bc48f01f8920c7b84450119e19;f98611b7960368f0c860bd79c0e0882e1310b7f293cab4b9d4c4591ea7e4602a;294eae090d030fbec1a979dedad6ab2fe23a4625b1f5487163f6c04638efd19f;feddee609b19da32a6f6bb560c1db00c42f231e16a15ba6fa0f753bb823c87b9;277955a39e733693c738ba42fe528a00d8d4348fbcb7348dc8abbb6711e48022
47;Ella;ABCDEFGHIJK;10;0836f7db4298c4d2179fd65a0f0449d222390ea9dd0266b77e8289b38dd20bc9;40ed7f2d23e9699fe9e83ee246f500a4a40ad80a0005e196ffce101fb9495764;7a68b387fc479812bbf3cb15adfb0f22d6ac02ead7bda8f6a3275928aa59b686;fd015548b85579e29dd1c8dfe5ae72f52d8faf400b5d43dea85cbce17cac4f1f;c773bac75ac123112319880931e4b07876b4a2b9c2e77b884d9de765d4637636;d7e9925e8272cb1672bad55147d7eb1e982507d198cd0f1eb425ead34bd6f194;c03e5ea9d9ed1f9ebfa26f37d0332a390af041608015cd2b50f6d04b45657fcf;867497fe48d42233ec0a7eb831497fa5ee42cda59c2e29c9896cc652cfb089e6;bb3dd7f2671b781ea5c066cadaf3a909c0319dc85719684726df8759175a3cc7;10274af2fe03c2a27bb7c54fa1d0c8fb886d8cb7a8dd060d6d67ad8c548c7c42
48;Daniel;ABCDEFGHIJK;10;88bc3f3d91f94166feab09aec248b3a3d1261d325b58724758217adad54548b3;3f44474b93a75b9d54163fecc868ee19da844870b95f87f8ccac7d176dc2eba3;abc7df92df4b6a8ef07e84d81e3c8023aa7fd6de6bf22170e9b78352e807546e;9e333eb8f4125d26ec9cc7d153c8e7cbc395a719304e6511c944a4ce0ac9bbf6;014dda43d24c4d11716c2d7a4f8d770a8d2b848373c2077739270c7d324af106;623edc680ddc4c621d62993a22d00714cb4ce7f6983adea63863be1a85d618e2;4f698794303f11fc63125dbd6b0101eaab45892def9edbf192ed67522f18f3db;a9c631d94d73f50909ff62f5df44a1cb33ce1b08e2b3fddd4699b183691f7ba5;6f4d2a1ff14b6bd29d52a1dfcfab32f5fd60db0a2a51f75b630b2a946510ddba;9429401822a4adfaed49f2f35f38b0da42a12833224341d0602ce5db4d8001a8
49;Scarlett;ABCDEFGHIJK;10;4cd96f2b02848281a222f4fa19cd048892810a5578a752cc8b0761b05e2d87ff;43fcdd78a0a5723f616ca90d536b1f45bd041192afc7f506f6a32b5870c6cdec;302c0e983f880ea6d15caa8ae0655e011b157f105291d5061eb8513995471d01;cf073eaf896bb7f20212653de0f2078d53cddc7adccc180b268f9f0ff67ac380;9f21f089505e55874aa15dd897f406dda4be33c7bd38439ba090676f27c61cfe;c20afd503e3791d01d109008f1a48244a8206e691b6adf8b6407b95a5d04e32b;21e580ffcc5cb8aaeb8ec656d288ca0576a5a9dad80b6a89d5dc00653541026c;b347b7f3e8a77a47bcb991eb12f80e6035e9ac01052da69ca50f482eee0a6435;15bfe72dae4e89f3b300b458d84546f81d8c6bd1dd254e543ebaf37ac6896f27;87deceab5d8d7bcf6301a1a883792612c954c0b94504f40f636a44bd9a5e287d
50;Jayce;ABCDEFGHIJK;10;a1afe1a5e90dea51ce017e7dcaa8bcb69f70007d28c994c0c90dd99e4664ab43;20d1af3492fadc223a7cf5338c8b8b7fd16448af55ced6152791ffeb6fba31fb;4e81e31718140d5fd92253f3d041614ab65b02ad31126fc0fff88df7294bb666;83e1c6319801fff32b170487757e114b1fe713ea7ac55fd7e5169a38e8d171cb;c160adb63881e4f2e18fff1c6d310de1813a4372a9a8dbcc410009d75fe657e1;3a8ad1b084e4257f20461ad55aedd76ebf20cfc1d594ca82e04b851e2bddeb51;0f6174d7f1492bbc97d5bc609cf14c43e62d5ecbb2c4dc91c55b6cd4efcd9ec5;5432cef1d7ea83a91af6025a27f8a93c5323c44dbc48fc8d246bd41c74c51fd4;4ed9ecd65d3ded870873dd1796f249e2b150cdd64c423f1b27819931ec5ee0ad;0bf6dba94b203a7c54595e34c22453eb5fdd6ce2402e5defade7efb1be5e0548
51;Maya;ABCDEFGHIJK;10;b7e850d45f022e5af50c3f1093f0cad224940d52210e1ddb4532224fc5f5a93d;80b9b4594dd7874a4334b889d01c99b93cf72c689711507d8f0006ebffa06df9;01952a6ee8f1e385540b13dcc05e562d48889e12427d0372a7cd8c7aa2d4ade9;a8bb0c5794751b0a12f96233f1abc19489cea58c26a33e232cbd712335775d5e;c2da6fb8a361f69b0e57ea199ea9d53a01798c17341a5966f14c482b93656431;99bd035292094aadd4026c6a801d0b159b45395bf028f7354a13af970b208b6e;9aea280f52dba6e8b2f7d147d4c9a1646aa00d9b9d87890d04180b2bd7676515;23bb43c3fd197b868511af54c38afe262303063bf179dcebcaeb113806b16e1c;82b0360d126ed0d6cac3de1b4d90385f0c21821f0acf0522e33a20c3a2b96f3e;64156071818f953f55880f073196e0dfe07660f90d292e987c1324632d8e4cfb
52;Mateo;ABCDEFGHIJK;10;e937a573eeda1e4542221e1a132ae3f63859b204cc35114444d95e00d551ce7c;14ba0cd82a5fa8051c4ef218dfbd661dca02af94d96bd130bba878cf9efdc980;a70c9688d55e25410f9f689d6473b149c2a28988af15755f5a6bc456600690cd;6f8becdccf2b6d7ae7dd63611b9427ad23eac2a9001f859191c46dd0266db986;30248cf0164858d521173f26c71cd45d714116704ed0867e3838be7ca5ef896e;ff9cde5f4f1dbc79f3bacd21db1532019a0e612a16b91feaf749e2de34c6fc1b;f601c9d175161f7019b92d933479b427ef6319d5c21610290ba73b9fb5afef84;851ccafa1134082b9dc5be7138ec6f2f6a6586e26e359ca8f209be1f5e01d67c;9430c37ef17423569ce5ca31b280f821396f134eb530b1e8d4c8248056cc2c06;aba484e74911c65fdbbca36d43d31f4537a495e8a603288a93cfadcdd0cb4c67
53;Mila;ABCDEFGHIJK;10;0e0908c0cf25fc6ed3912565e9fe9535ee5abd69bd021a1466cca1024571e9bb;4bbb516b01e83b8f21a35269f713d5e273de004f3d596c1cb4e764c6b5441a0f;059c3f715b895de0cb1999eac6aa36db1c91675dfe29840fb9a8f7bea7635577;5c37fb12f242dfe3f35bcea03effbae0ef1edcf777d96f705bd9ca92403f6141;f16b03857b52aef0cfe01b33c7a202089ec4b38cc892d46e2035d5cfc929945b;d2b13cfb95d0f8277629b8f7ad85c0507b3e9935c546935c4e77eb2b437c63fe;1f4ef09b36d817de46765e67b9a2d5d1267a01956f6deb0794558fc7eaca7eb9;8d5461a3c46d1f1a45bd22b2d032149f3db5e0d0022bc58f58b9ec5e0f93798d;d21a96655abcd874a519396344c6946f27810a1693184d48838769b15341a6db;fb4c81e0ff2d1cbdbdc8430fdf688bf81647e4e6bc7ff29198de2e9089cb6ace
54;Caleb;ABCDEFGHIJK;10;35cd4779e7e8ce7fb5a0720845474222a1d989c217146a383d8d7ce608c43caf;889963bdd0edf686791e774da277799d0fc3903be460278d3ebcb0d94b3e79d6;e67c604974ebe7e14076d67d59137dc43a06783728e2098c5dc00d553b74702c;6c7cc2e9f4e89ca86598ebf8fb9bf7c25dcb2936dfe58f186339b45d17130963;2090e1368dfaae1e792e11062e3b52e1e1f220ff0cf8e779fd137c04652fb4e3;c1be27530269a22f9087af8466865f43054f5cf654fa9926a31d1252258d24f8;f0736a66e7ca718446430c3afe63299a5970443453c39185eb8ba53ee160513b;4872370f6e6085f9e24132a8b0da2b026cc10d93067feca1845c329a4d012433;2fae6aecdaa810430e63d73ed5f1436e88c62deae6bab42eb2c2e0f81dd20cf2;d67702a417e38403d2a54d4422805f531f4e7ed2b98fe994a41e8ec2477521c3
55;Nora;ABCDEFGHIJK;10;2c9b469fb2d5af99f1b7eaa5dbce02489dbe9958eccafceddc8c9c7e12c90daf;90502cf4ee33596cdedbf7c530eb2728b4fecc1860a5d11901bc8cd8445a7d99;6900367c118ae0e86ff190413c4e7aa4f39a051c8859333ad962dd425c900f94;2d48affca42653f6824ea2bf819e4fb910759530a87efaf0f7f18d0af028bc88;bb4fbe26c82bba4869ef502f73272f40f3569c00a043ee3d89e4f3e139be2e8d;459c2998b200cb1f298708f99c438becf45d69940104bb770a12126f286f0f8e;6f7525d20c674c526edb2164ecfdf0ac032b15060074749c8a7345a3f3c14a66;d3157bf9a799becc4d8563cd2bbbc01973ed45417db62c611f8d6e3e06913ee5;5b79525c7c8afcc9e427b7d81ad0b0302576c752d34ddfb9b0d3fd7d15e9db22;cd76ce2cb923f4f953d5a3e78df335a8ec511a9e119b0315f6aff4142cda6b7e
56;Luke;ABCDEFGHIJK;10;a39c938f2bd3fdb99b499b6360968105fb1bfa8487e1196893cf4e354128c1bb;66d3ee5099b647ce32d1fdb0472caad841337a73ade36044e1a2c7fe7a49f4cc;e3c7a8c9fca4dc8d64aa808d210ee4bf3e88d0e2c2fd5794a25894830fb0e052;edc8f96d699b2449e00ec08be089fe83f297fc09c8a1bfefe14c8ff10890d356;41b1a97359809deeea86c53e7f9793ffd80bf5f5835b4bdd12d7c755e60bdb15;fecbf55dcd00d9d2b0c28ff0379bd4c276a6115fd4ce2c8701905c8283072d33;89974fd3d672a3ae53cb062a1e7ebe5e624143ad4f5211fad9513d2a55d9d921;0b61775d013456799e6de280144fe82169067ade862b188bc3e25cae96a430ad;30a353eeb426996c133b9028ad4c734f01fcccae36ecaa81c9e7070a742c363f;7cec11c8ef9f36888d8e4afcd2ea3d9c6803ddf54666220ac8b9f052d7a5a151
57;Camilla;ABCDEFGHIJK;10;1a85519064a3f532a6b77322ac5a6d7c5c01447aec5692d81f1af4cb323f36df;8fbbb3705cf95e276906b8dc65631df36e0c50692b1f62ffbf1a4792dc774bb1;5ff4b0d2e765afd9793ce1855fa84574fe399da53ff4fc4c40d41d505eec65f7;530b7272643cbdac2bec93a13bd9df722e26f6013cd2d1dbf3cccfc074ebe5ab;509a7745a34c5aa3e18383e0346158fea2af5e53eeba74ceef0526247a4114da;2589e6c4a9c573611a0cb651629b9f0fb0807d683f3ab8f1a87bc3d2c8f52e09;168dc084c086eddcbabda65936665674e99a2a1b5b63e3c63ab9ebb7a97f1e20;472b0e204915a1aac4c60ad34d3279557a12c892291e594d5cbd9a758b99d6e5;81443e590dc9669c39ce0da751723ceddd9280133a044b79d6bc7fe0a44669aa;b92dcc709eff3479a2129ae180048698eb27019a0827f9316e1e3ae97d2983fb
58;Julian;ABCDEFGHIJK;10;2e4b04312c21461012c305e0d47673dffc67e3930d9fe20b9f24a7b9cd534bdb;95a3d5fdded238a846e10c2d76290599f6f86af7920f9670ca1e04b89706301a;e9282dc90818cc7de8a9d853ed75acc3ef812fc5a2ff50303aa9404225597834;56ab1b5c1d765516d1346745e9df78f952fcb96fa85f6193930d2de5754b6ae7;ad3feaa7d25c55e8a697610c394655cc46eb7d381e3361235793a303d48ed680;f5295c9503eadee7ebd3cfda75c4d0e854543171bbbcff76ca18442f348efbbd;306491cf50346016d4be721a21e68300e97e3dd1a5cc5b6bf0f42b6fce590ab7;5c2fef401a16ea9e4fdf3e5005288e8f2fc68c683c5c14244f5b5f95522b08a7;72aee48430c2bd805af8b4d04b2be551d63f93262264f25ef95b302313ff774d;f316557883310c38891df7e7c30c2aec242b0c49f516c99766e693ee3084546b
59;Arianna;ABCDEFGHIJK;10;c3f87848d44735f09c3e27be2dfa3395473979accccf9a84e508258f5b8d4a62;9da9fca3ea963d29c55ecd1dad76b8c5ebe8c0a3e36e65d012c0935e7910872a;13b7164c786ba82f986ac854f6dc192249d58094c44e2783c71895aa029bd563;636029a7f1492f1b3ac5bba08032f41089689b99067745e7b0b50789fbd1e47f;1fc5c11e1b90e418ee5b779678d589a26c95255232b49e6aaf72188227a043cb;675f8099d2c544669e2a367bd272d29a6c755d0b48a4e9919ca3ddce09549e23;b38d4f429d61b4d0032437a49f74e1b3e929d432082d6dfdf1ca5b70392041fe;5f989044d79240cc086f294cdffd604e807053edaa596a334f82e303b8443f65;01b7b1736dd1b4058d0e8e0abd9468a7b854ca7cdf0be502019167ee8c0f332a;9f7a09aa4ca2c705fb74ee4bb71d6be74e18ec3f9cece7e673475bb59b1b4fec
60;Jack;ABCDEFGHIJK;10;daef125e8073353b6ef99e6d2662714137d81ef4376dd35e1f0f17c6c9bb4ed4;4160f2ce55200d3a7113fa0dd483ad482684febcdeb0b33f56e5fa171f64fb73;09f8185855d80be282d1b32155eb7087738dc43f07d025d9e37fa124564c655d;502bed27e33363cb74eb721e91682d415e245b442ee3b1c14fe3bd0cef75f26d;be903c5f309c020088b69a9b25447cef1754519d20e03fbe043807bd6fc335b2;1fb7009e1c4133072a692da8e7dd1c9760ccb08d67a86541f2a2d8a668c864a2;66bf69fc00de250f0b332db9a063d817d976f8e5f86979e9a035524f16a95906;b5c1533891aaeb451125150d34e2a440dba366d8b4b5ceb065e7ca3d27e44655;f1a14b624124611ccbccfa8700fe9ee95b21e2a95d710ee776f2a57775218764;7135601b20bd83b5f44f65e680926a49337c9fe1b7c679faa67d70ae8e5084d8
61;Eliana;ABCDEFGHIJK;10;d3efcb7611387e04735d4b3b7d59f8a272dadbe6ef29352f2b90a9ae2efff64f;1bb90ba32709e2be6b501da57505594640c8e3a9f7eee82aa3c5956bca61e605;4e809cb29e092b36454335f90f65bc6f94d5176b60ef78ef062626f482c90745;849bfe6208763736ed77e91a84d3faef2de5ba8bb302e76b27ffe7be924c45cd;62928262e157cc76857ac678bc3385102290a7f533331910c389dc36e768bf63;12711ae4e0e1e3092dccee10372a8bcd61ddc93b6c0eea2bc26cd9db1d54d798;cf4bab7a86954ef35bb0a133b0b0fc7ed49de90988e27323f79764e8a8045690;79a458fafbb303ff95bcdd11951fa3ab5c14dabf2bd1a46b14845a0cc589bc09;dc8ec2992c56bbc5d01701f63442b15fa67d0ed58b328c15792a1b395b2a4ce1;95c2cb547c8d3c75e524f2798c2e7ee629533ceb2bc1900c1e459f112309d910
62;William;ABCDEFGHIJK;10;c684ece23f5c3defc364c4d80c25532bfd917534ec825d553eafd5715b696982;681757c7b3e7713a3ca98627c06907b92e4eff0472ca16ee2f4d2416585c03d5;761fdb8251358748f68cc211bc5792893863a6464af41eb66a08412afe8f4005;e21210fdcaa3d860705801d376bf2ace5c6e9859913041d58576e094f429b94a;c6c56edcdd4140adcead3539f9fc31209a961216e5ddf67fd0fe2699b1dc82e0;dfd5cc75ff7e2cdeccd81e9093a222c07751150349d55f2702379177e78ca4b6;d6b2067a42b5d20084e5159e63c93884d002abac77f5158b93178480889cfbba;4145c785b54cdf086c5271faaae1b2f9346f4993608ea6ea4f5ee1a1e623d077;9de5c41087d934e30e993539ef4e2745ab88ae295be768084d3da00809014391;6406a85eac7dc05a92b6c5b63ac164dc14918aac1b9f0b5aa9baef73d102a90c
63;Hannah;ABCDEFGHIJK;10;7149bdfbebd4590d37a8e33642ef530659515156d4184b14f4d13906d280a516;e9d8703b76d32af00ff6c06f56d80583fb454bf31f5b540315e85ec27b9e3f57;80956d8828e489ae876dccccc7119422a5733996f1a6c650d80cd144d28dc04d;e4fccb07706cc5f11f09b7eeb33b58db363a6d41bc89c410250ec303dc0a67a3;d757d64a1e91df5f7af4aba8eb07210a7b80d778618b21ff19176e2ca6b84634;871aeed2b40fec7e05962e49e7733c7b86c6a427a2abeb40882a52b8f40c8016;bb3459f87ed9972632bc0e45e4053189fce62f64f55c8ccaec3e770ae6f95149;0aceab8c3da306f33a7ebf8051001e141a04c45d0aac1dbace3da92fc4287648;8cc359dbfa0b70a91d5d8bc7330e7d0c86afc8c73ea49a7d55ca076442e409cb;99caaebab3c50e4feb860f81fd85f3eae6e07d86930b4ce77df6eaeecc207ef4
64;Wyatt;ABCDEFGHIJK;10;4ae485e368827832ca5c760c7c76ffa5a73db2c48d766b28071f29af3515dc57;815d80f311211d223319e3e43d81df35d46af5eb8c0d108f587db1f252585e43;ff3ffc833ccc6569183d1aedddae92b67edcd1ffaf4148ea11e90094fe4b3ac4;731b0e537eb110b7a9dbe6ecd4d7e2dc26f7ffb0e1871126349925a0f91a6fb4;e59bcebfaf170d068f2d083fc3fbd1dba9c4ffe6dc0ae8f472b5ad1d0fac726e;5503a63987307072d128599bc2576e777b59dfacf7b6b1ad7f1a399430ec213a;d9a9208ae9184f524147b502b4e5e5a2249cf019ce29fbab414a7758aeb220e5;b800372fc164acd136243c0ff0bc0dcb8a82389816e268eb1af0db878cf86ce0;3bf240064e73230df757bf579de4b5c24ccd577c612125d919dd6427f63271bf;13072ad56f6972024c82bbcf4193bed26b0418cae478cc46f4b45fa4bdd7752a
65;Leah;ABCDEFGHIJK;10;77321033e4974cdbbbd2c3714f468a70cd27ac341edfffc3aa8a6c24af95e3ff;1231db3052771eb115e35212ecd9d6a403a8ddbf2367395d0ddd5c52393b84c0;46826e6579832713cc5aaea0f572c5df59fa1abebb76b2bf3e0717162d88d906;4c3930efba2c24b0695cd455b1d5879c9f4241311f7de4b4682bb1adba85246b;c74a748c08412476b7ce358830fa001c8f87ff4e8a47bb63450b7e5bc264ea55;439b33a062ef43c247dfeeae64a3c3bf81b8d359a2df5f1414ae7539ab9b27e9;0586939fb63156e2508cb02c61425e9399522f15a0310f95eae01d9a2f6a4766;507cfa4a41c45c63f428cff52990a0e27bae511d28b4f79c2cc583a0cfebf1b8;70d23213a0f7f8888c37d730ad444ede7b558f50b8cbc059324767de6a65d682;d28dbbf622048cddda1c275486e54c470765d957464f726320357ae0743da3dc
66;Gabriel;ABCDEFGHIJK;10;a91d62cf93a3c0f26830b875cd6b40badc95042e64707190bea38b564247752a;d72ee057c3085a8433846cf4e1bfc947c067067e1230ebb483f8887d403681f4;b4be057fb027576620a3cbe21b020be2e65f800a1c4bced7bc6ae1382177bde0;99aa4952d3080cc371a392101555e058cff1f55c3b0274d3afcb9df9215ddc5b;373392ecee7e6281e228223e2d591ce8aeffda61f3db19f87c25ec6a22e7f107;90acf99f3bb575889780ab372fb469a4e7b9e6c0cb32c55c552f4b0247bea553;5a614269a36847b0ab2cd50be92f2a2e9cdb3ca0ffd279b594b6d520ace9dd2a;60a6f4f6416eae3e04f5453865617ae72e05d2f26971c627d4b6b2700047c10f;ad018b5b844889b60000c4fcc968ffe85a6ca5fd484ac504981731d2f7d8b195;4ab7db3f96db8dcaff3a79f7f2d48438e17428ac3b5c91b13f88faafaccde5db
67;Ellie;ABCDEFGHIJK;10;5b300885f36f93046566aaecc46030648ee3b96a56e526e00df7fc1d8787146f;d2f35327497c3ca9cc2b73da32b074713dc39550ded1776fb91a28c5893ea8d1;d9d51325bd3043b8b4385aeeded0c105c0eb2b6ef31d6a58bcf6cb4b06b23f68;166e5572ed4c8c5379abdbaaf6925c837c99573e3488cb895390e136f65a3771;1f3aa24ccbaba63c1317b29d7b590752230b4d46990138fa7b58eaa7c6046189;6c6ee0dd19dfb23b622869aea023ed27ecb1cbb424c54e96b140651558ce511c;f64aa1c19e9047da780e2fef0bdbf353dbe14ccd96d47a42bf1befbb5165ea09;61c34d91ceac4225861e48d11c865cf2cd52781b18e3b0eec2cbd7e04dfa20b1;0f68efa83dfbcf1c502282fe4840999f35cb59937259291a11233ba1d5158bb6;810aa5e3762f0cf850eca2f90b51e7dbb699e8512741139cc82c3780daed0172
68;Connor;ABCDEFGHIJK;10;77db7d5168c88112ab4c0376027583167a89db54efa657fc67c9df219050d60f;c1bbf358de3736a3905d7c213094f269a0acf766b98ec48535ccb39a01910cbe;0d78de3f3e5cc70bbb8e527e39fbd067f47ce066014c7e4cea4625c26a5c1e1f;5a9937828c0c6bde41be75b3016f5da43dde114cc4a2eabeb5e8cc65fd9c125d;880e56c56a68952029de0c5c564f4e13032f511d5bb819bf57e85557fb322eeb;bd9057d5a194c2fc878c568fcb3702ae7272de0fbf94ad7ea0ca525dde3c36cd;1a2b2e5c06f9fd3001c0a058afa5030ab6af6d53a87733b3c7805e085e043929;c79e5e32c49cc19df4f4070719c88711f961a2243ab39cea7b7a09f0e45e1d72;621e311dbe3e6c2c7593761248c5cf19cd05c8d0f69134eec64f9678020de9c7;0dca5a6d6d23ef013b1f4538c40a4bebfb0de8dd286e99203858f4311e40a95d
69;Kaylee;ABCDEFGHIJK;10;0565b302ae5c0eb9838125d3b42043c9647386e546c62a3cc10f2a84fb745ed4;59901e961850be7503e7e6390f01a39508e6d588f334720568c9f996af9eaa0a;eb729707d0b01183d9a4534e3b4e5b85466da5c271695262510d35c77a4154c9;3d4b70da747ee3d53a8149352259a49228874afa9ff4bf361a583ebca7ac2023;0fb0f4f5bb7bc1e3609503fdf6ceb28bc0f1ae20371ccc146a91c8c77c43cbb5;260eeae88365ff1a7b464d36bb7a4ad1514cf9a05b7ef67dfb3f2b0c145addbd;3609cae8798b1009a714ba3552f1bd97887e2fcd3b137d43879039006072f396;ddce03d2236965c7def000725594e595c55f334b9b25e475a6d5f5c670b55900;390c2ed881bdba576c339e8ba3e539c438d257406ad03092491a1515cc76676e;302579703887e151c49874377af9a80edc4167ac00eed5b215d450f8a0f836a3
70;Henry;ABCDEFGHIJK;10;d6200cfd9343d7593f40d152f6fb4e4e2f640fd28c5820f0ea4dd3ef7afb8f6e;b61e47697693cff1d50972a8976a6e41d232a8fe4d06772efc7fef49298d4c6f;1a996b9ebda3fcaf451ede39253d190bddf119dddf9df698cedf89a8f8b104ca;72531d0c8e4d542d522e97cb122800faccccde19c447e3bb00daef5429312fd0;b06bad7f1a89e75e855d537cfbb830df4135975723ff3510a33fd80d48719d5f;7663fe8ae79d3e80df74ab7c38e07343db17b1a1630162694d3628304e907ba8;136b4d9673bc9f2c989de2e5dbe160aec9cec89a07dae53a0c41eda03ddb2696;546f6467499ca16e3acd2be6a97f40cd6f7dd96a6bc87d4b11f4dc684d8a7184;62b6d57d4a083cf07f328a57d1eca5cfeaa0a862d8fe72292e09ef78f71f7df2;18f7cb22bd782e37b22d5cf9f6ae5ad45016472365f9acb2b219cb7dfba1332e
71;Kinsley;ABCDEFGHIJK;10;3c70b613d84b910baa9e3d2fa733d48c2de50ea385a1f4938f0e57e6949c5efe;03cbe0ac6b478486eaeaf84b1ca8ab943646aca4f813c3a9829d5fb771e7c7f4;14b40c19e69e6758f8821162378c1ce469425813fef19a091994165d7a46bc83;c75cde353a06ca16ad8136798789bfb3e6304a48c964ae8f65ca9ea1f83de149;3d8fc7dd55d4f32c58b2055bcd4f7d5c9eacabd6d807ae68fc55b1c8de32b3d6;e681f503301703a4d34182eecbdc781dd4f4f5016306829226fb81e366de41d3;b09f3a203db4e641291238e0d0178678faa0010ff8c362aefba6f5a09b3c7862;e75ac9eb858d19563b6c5c627bc44469692ca52853685cf03c1080a666667fe4;69fd840f653399518b0021cf116483cd8d46e2625b8bcbcaacb0ce9b38ae2ac0;ca126d2f32f911548b6521396e514934fadde96b1377ac96445d8d671c47d816
72;Isaiah;ABCDEFGHIJK;10;4da5bd8915d3cbb36da1ca6e3cc0e357b948d266170f6040bd28e13c4eac3b71;f3a2c7d393afbb3be7de8ce73f4b505f66c63bf5d7a70a8e0fa3ca1452bcd327;3d2f17b3eb15a27dfd48c399b6ddfd27277c67dd857f20853443fd463e8fd5bc;207126595515fe4d30e7e37ea278dd679d7a9c35e6ebe1d9b50e8d6af69da857;0c333ec37ec293664ab843d3db328e89a2a9d9efbe69c4f5779e9ed981d54953;fdf404855d1b03ffbdd2d48fe543ec504dd37ebaf23abe11af36427aa4fc1d4b;fdcc1207e6dbea69737260c42a1701a7c1e3a012430a6f49a7f6602d40bfff77;e84883449de144635954e16211a2362ff4634a2639620943d1d15dcabdada823;8bb3fbf44a498d7acaf81b7c1598795c0beb9d60c2841c759f9957d88166ee0c;b7fa8efc5c11da765f6f14fb309ebdcbaf76553a4a6e7710a22deb08b22a4aab
73;Hailey;ABCDEFGHIJK;10;1d9a741f81953ea8396b798980c0b0bcfe8864234744c8695308fc437aa28538;b225f7420d568a89483935b59ddc4f0c74d73b22637707f362fc77b0a96d4dd4;24eefe88bcadf2ac4e82f748fa40926aefc5d31025956a91d2a38ee9e2b39fac;9b3446d0559ee8aef655248f679abbb02f618ad478be2f2a924c229e1ec53af2;00a499c73704a01dde95508f0ce012655ff6dce6c8b01a08afa0302f8952f4d8;971e58cc7c2d58e6d5dbf48c6b0d835bc0c9f9a48b3869e5099bf07317cf8b3b;28da6ca4102d5726d82e0a01ed6a4bc50663da37a9a191269e80e7f8161a9b05;5eed4466767bd95c30c537694cff503f72a2f6b5f76c94412a96b0b411a2e609;2af6fdb1db7ee55fa2f3c35c12b8f3e4e357b86b5e4efeb6d1262bd9c1996d01;f6ca1048d7b5dd3b0af4773f606d5e15525dcb8c0fa9852b22c24384c108fe50
74;Isaac;ABCDEFGHIJK;10;ed215de72d9ad288f405527ca7693bd26db6dc91fadee1fd018d5ea7c811b4f7;f1ff06294e859f57ef0c4626bd15749445b9d318f8e7d08f9afde2c51565fc51;3335341875ce4db141f9a5c2fa5646a3ea381f76e86ea8293db76d83cd105d06;8f4a1980f334d9e6ccae6a29934bd505bc0a1631cd3194ed2161b63174df750b;df0da5b047a50774d0056d43b2effa6feb857cb29762e3654744904066711728;879376092c666aed2ef579fcd7ee15461676e2008cfa1f16e4238223cb99cb70;6e94a53bbc06725218f102ff1188df5783b5ab3d8fdef04530b46254b85e3f7b;5abf20953146804d54992011428d24b07785c1c03125a06a7ecc9d929b544739;434bcd01588faf58cf266b055e8e66bef4db19c216afc6919ef19ea5b1724855;4f7000e2fe7614448e172e6ddd737af40b527d1cc1c409e3fefb5ca03da399ed
75;Madelyn;ABCDEFGHIJK;10;171c98eb7ded5c5c2e8b1e5d0eebf481dd0190d3b4df1f4ad258b41a7d894dfa;cd7ddd55a7054f070e5ec013e3c9a83e1743c69044333f5e8115aa37f47e899c;cb46c17d4e5f6324a866064aa7a9bbf9fdfe1ca63b8d9511560b7133545c2916;76d78a69206911779291fb12d55c4612e521228eb750dce9189f793d071ac26d;bae3dcf19063ffbd970407fcdae8e706824e8d43a5549c8cb1955a4320958cfa;5954b7255c771eab2c6e923bae9c0be9625dd829daa6aeb50c0edd21ac23aed5;d352d11057c67a382f45852109e3d6fe3cdda383ea276d40c729a18f9dc4f24a;301e141b2611e88825092ec178443f990a258e510d24e9f04952b5e5ce526617;06162573e8b9fe2435b71053b15606696b56b2398a514aec408faffc23d1825f;ee73337a56c6241f75dc54ea03d0f17f340220d9fc9a2f1a187e4badd511b69e
76;Owen;ABCDEFGHIJK;10;64a1056e241ab90f0310bd629a1974e60811ed89f2bc4319501429f0545b56d9;134356c2434b6f839df001129a0cbacd8325f4135bdffb01d8fff2809a9ea1b3;96b559bc8189e9cd4d9f2232fea36f29dcf00d9c6ef70cfd189414dfd09ca2f6;332474bad28268b43b3fd90ae504fdf26a20dfa382dd81d2483daccf1b28a932;31a502d8e1a17b204dbd3ac271adff6d1469a4ad455841d0acacb385c259175c;2c008c9416cba75f381568b88278ea6c0982922edfa46a5461f8c4dafc11add3;1b4866464295067002daa22b594bd9e15c33a7000b5e1d64cb2423575e1e5759;8c5bdc34cf9965ae95fb3e7d2037b75ffefd056c095b6efe46e49ac10963e0c9;b4c8c9ab71b688bae5b037a337a00dd05230a5d3e6c01069d7594cce23c31b56;6237792b7717accc102582423948f5eaea9a1c1e48c66f8f28e6cbbb597c2f1c
77;Paisley;ABCDEFGHIJK;10;3575471a798fde8adb0d71fdf79a92ed1ac74fabe5558f6da9e603f8ea1104ae;5d8fc7b81ba7643222b69621a65e6de6adae55b3eb0a7b31433bd19d72ff7daf;f7fbd27decf33070dc40f86c66e90be1db8b5bec7fedfadb25e0ebd4e27a49b7;3acbf17641c7c042d3e123186ddaa7d58e980da1be61bd774133e364e523015c;ef4c74219c2df2bbdbe0701886c45e51d6e26e609379f7f034a691e6306fd455;687649304bddccd0de8204b0a60c3ea989384ecdfd0372c71ec7c2c2b45972bd;3d66f7f628946d72adb3575480b42c4a302247dd3762bbcfe69e79c1de4d0f7e;dc26e6d9d97ddf4ee131ba23fc4cad1c2d0b829cc773f90a394a77a69fbcc43e;099cba994cbbdb9c559a78129aba6936ca3022160a0d16575cba7f85b5e180ab;c286fdcb43274ae218e70231de2afc1909b9d5049b92360d6d167a4f6686574b
78;Levi;ABCDEFGHIJK;10;7ad0d05681094a0f706e4392d8d3794c0fa2ecc4098a03f2b1e60d54ad1228f9;81a3e217e6dce1b44f7d40d0c4bba60a4660a5389d7c0b4bbf5b7cb09b33efe0;dc24ac22bd462f911e28ad66c36d3b19405267261a3836643723db9f564ee865;176f9c7a7e14df71dc755791363456ceec5d2e40db8edcf8e7b51057c0d5ffd5;7d033418414c8cd35682da97ecf631409a3e533d83575831eb95474d29665437;73bb9697bd4b08a092abfa9130be7f49bfc6056d6a3df4d302785f98210fcbbe;bff48c14937597c8bf45cc1ed331ca9046d7502b1add4d47df887bfbd40a48c8;e25cc5126418529fbfa3164a908ddc5cd19300ac5c125863a597bb12df6dde12;126f2114a0bdfef622e940537812b0b62dd2df103a4bad592eb2127e844dd469;e04e011e103fb050d8804cd244855f9c3622ed45db7ae601a7a7a45889250507
79;Elizabeth;ABCDEFGHIJK;10;2566c1e3b057ea7eb77577f9a03488a435de1c91349e250297a664793fc0d15f;6ffd37a352a20888949aa79655919a9d202b9ac89f7c0fc30fb78ef982cb8bc8;b8cdcc17cc9b5a66e29708ae15a7c328a55ed174cfcad0ac29defebe1fe42b80;4ed2812b993c49a74c57d3a827b9e56e3b33ef724a5d6176e4059f81f3cb6092;c5c5020d06ae29777a410ebb701c9c0b2d33fd59c23afce3de6e09a4244c12c9;200a19a3f15b08cfb17db4e997c354434b2e3c096d2d5286b12fe5ee0d462609;ef1e85ddf3a8538a029723f389fcc0046340187f713ea5c265fff0d32553cc18;b51f58e6a3391a1fdf1df73501cf5e6402bb340b0ba00efeb9a8e31719b68da4;835e8c6da1f84a9e96769308f1991c9e4e4d5644b90611dbc7cefe73c85102c1;dbcdbedc77bf87c39fc90926425493328f3652fc5bf124b3b936a6dcd337129a
80;Cameron;ABCDEFGHIJK;10;acdb423e7a64d021e47340a9ccb7233ca217a8caabef2ebdf35e8110ccc2d2f5;a72313c40e47a540ba9cdf6fd27fee38081307b3b95c98e82c2a2343d9fdb12e;780aa0ddeea6eadd9251fe73d7a890251a016744d8510432fbfd912a756e9029;67b83f4d1932247aef21ed5124bc2e1a9a9e830a64428d626d97ee4636382732;2842f3c7b2539d0dcc22720c61434787ac4a8501b812de5b636c3420be586387;16f2bc28e50aaf0353684b8408f6f13a5641acf7918f95595dda4230a75e4175;d4ce7a213abd48075c2cb29433590427728d8c7c002931cf52a4c32a22173d8a;cd0b31c174bc3c044bd1f226f375202144e32d781c222bf13c2dabc168f74c7c;cbf40dbf08040e11a9ed00ee064d9ec579e237ba5b4daeb35d0992d5f07e5ac7;4b75e757edcd8386cfb36a183f8ff14b53b20287b4fa6b35955b0619bcbcc679
81;Addison;ABCDEFGHIJK;10;35457d4bde40897ef8fa414fa46ac32cb2d72995ed12aba0d773cb5c4bea3f33;9e9868ecc9f7c5ed73721b096a9bad2f0cd8812b7b7bb057f99435f001e38501;67ec6724ca304c2a7a2965209ea0757cf451493a49713770455c30c5f4de79be;acfc69354e37dacf1c3f8709ca0b9076f43a7e5daae7ca129296df92796be4e0;48edd295694b2bd926893c87ec71affbf4c123a376b297eed65fd2e46dd52ed8;0684c669a978126540a90c41edbdae8f5f1b82e0cde74137412db20fda461e6c;f0301350a67c5adf3d3dd6f71ab50d70ad96d171a59a50f21ab5d2362320f047;5b06c360622d7ddef28071a60f69111bb51d562a43db9d55cca996a1a1afcd79;31ecda256a1bf849732fc1201751a40b61f04b98a67a256547d25bc52f24779d;9f3383bde4742bc77e9ec7932fd0c342ebfbed8cac9dce5f2c296f62ad596bd7
82;Nicholas;ABCDEFGHIJK;10;4af758379fe978162aef5f0028e11a982bd0343900d129d1aab1b9d3a6a90901;a7cf4ef9503d0ee82e0f07f3c6063548bb5cc18c24e287e6389da25c804240a1;1cf1c4aeba8d5033be5cf6157c0e28bb2344c2ebd69f41668de7c00c47e6a36a;d5d75596542867489f1a57b89d83da7e46683576e0472cbb23309d272eccb173;5f08583aca019fa6386f0297358818cce576a24722a0ef2f231efc5614ef6b66;206901198e9857286bc7fdaca79dc4bb337ab3df83ef2ff6e3ff6082e09b5f58;c7ffe8561ae7c5572f2cd8e8c907890ed70acf63f90ab98504bcbf2621c293da;da70998915b8d52125a83148b6d323210b3a6afe8b3a681d69bb47bdd25a3e07;b10ea15f0b619464fefc3177cc80f14c8e1b2b6a32c759320b4e0463cbc82462;7ce456089506e65a3b0de971149a9d70d6ebe93c220b7d97160af2070f5715c8
83;Isabelle;ABCDEFGHIJK;10;fef606b19d5f55b51199e062bd7b63767e721ac4ced9d9fe400065b5500b36ca;fca6ebc34c7a8c56c86e845a45c24d67de04a30654022021841d3c04f2e5796e;a148f4e3717072b590a395b1f3759a8fdf42d8628e95dbeaf3957d8dd3c6c164;4caa31cb7ae76d6674f8d5682dc875d561f02983673f26b1f89b11945c504fc3;bbcb6e2cc4debbdf5eabcf60235595fd69c133294d4ec7947ee0c1a66e2e5b2e;6835738a6331fb7b44e4693878f730838fdeea74992601964650ee2c1b09041a;ce371eb56839a68217fea0dda611210232f03323fdc3dd6672c377c76a677c51;f8ffe1cb155cc8c20fa3b64030d16a0b1f1d8f8c4040a2243f87c8bb2004c1e4;810f2dbe2fa6f2fda7b0cdbf29ecba90a5154d13b31a40bdd6c9729a1226a90d;d9903425710f700b28914333aaf8bc6408a21050f840237b7741f91d7c891d26
84;Josiah;ABCDEFGHIJK;10;18d0f2d184fab7b5ca3797b2873c78978ee4c1737f4e377d8bf0c3e8c9989d90;fc2dd73be200b61f80ed5dc8351999c962a5d288a583fba212123e4d4c0acc59;09abd82bd6dd9e00342d7e2ec5c19f8edd6837744f7ca8a2138c7b744358baa4;5549bf1dbf5bde0c6f30ad26ca93c84572f3ce1b3a313841c765a3753aa82001;1c4b9569524619a0f8ad1a8da7ba51e5aef2e384bc14b2fd316c8fa35df74045;b9e80290471bd8b9c9292493ae23624f2c7dbf267e4c3bcd5531f66b131cb012;e4639b3a89c5f7abf695138c95d996c522c33bf5499b10f6c396cdf0f2972d87;1dbb7b53b13fef87dbd4a74bd7679e06fee958f60cfbfc7b433daa25253342f2;36b24ff6cd40176131ec6e494bcb4fee63885b05d25b7c9a7f5ceb54232228a1;aed7de13adebe16e9413f271077cb4d432940efd7b3f721aa6e59922d9c88383
85;Anna;ABCDEFGHIJK;10;e0964846c772bea53357ffda8fec2a73b023ba1f1b39bd165ae24a296ebb3e5e;8d1495496bc9865162bd7be4a29817fe39308f716051956e87d9d4b6f5780857;fdb853438c1d66423ba56f6736f49ab84566a1d41aebc8f3887ac5aae621ea18;95838b372eef6d8405536b5aa77a1cd8bd27f17b534fb66c1d8151aa5b36a8ef;9313581b0391ff2c91ad7cfb6b9828320f7bd7f85dbeaf5ede2449e86a0b2134;9e2b8890035b8e20fa8ec2ad25cdb31d4a3e5768e8577c7cc3630463ef8f326f;324082a49a77d151ee5021b3d826a1aceb4151b99600f8824144a26a182386a0;df1e68c6e3930937f44b232824b9337421b6cdb771df63454418b0b541d712dc;49075730d665ac7a8b27fea856c5c993c692034e9b856c075e18bd4ccffce97b;67470d4a1a569a7caf3b17f5bb5432510c283ab934b51d9e1571f1b6f66ce6a6
86;Lincoln;ABCDEFGHIJK;10;4c1672d2f5f208daaff4f8b49b7c3a8dd9f3038cc95a902996bb88ae83e73d30;0f61fc5f03009d8e78de969af490dca5ff275421fdc07d39a205c2311296d093;f8d317ce56e51f4c078ddc0b2950613e9fb144c892a9cbb8029d6ef77acf5c83;f4bc5f87d455ffe328aea7537c46a72f1fe338aa7dea29b7c0051faef8589935;b335bfa6243391d93796224f326d65c5906402d4ef795b09eb2edfa84dbe938d;880eef51d8d131dc146ff58b741f65bf6ccf029533114b72cf123804267b025a;de715ba9d2b0800f365be3ec8ca26913b44b5cfea701ae50c5b147d363b1c1a1;2952aa69296114617b6f4afee27825a5bc2723740a54b6b0e2f8ed1f62ce8193;b2197351d8811e180690754a693248a18ae54abe6f72e572ff8946cfc7c1e64c;13231a11ff8da04b83c4db1692fd3e2fc69ea2be022dd11d10b8ea2e4d88b51c
87;Sarah;ABCDEFGHIJK;10;27eb57e794974f3332ed8d996bfaa220a0411413bf8c27c92377a7a9f06e5291;2d47ef6151de4d04376af58b5a9e069deead1c700520f5df657d16a21ca6f20a;67893fdf209982733c0328bbe4aada7eae0c9fc4c5020a6ac56fce9965a33fe5;c191fbe243dc44d6f2c255dea4e7a2d7aee95e642d418eb36cfb81c6de251e3b;9fca2d547d9c6839ed774fcb3715bfdde091df277887fad40f84c5db42e2b531;6ddbb45f9f25b6670f9aae563d097904e1b5872d386e041352d6268550bf52dd;20114395d609e9f022a148e4096fd6c9917768391394a4dfc1b0b7a94e3fcf28;07355026bb74ed9d8f2c284e1ccd8d9ac4422ec834159d5b21d63fc2a7ebd20a;a8c462f10779ba6804071c9d1c154e6d8cc817eb82ad4958bd25dbec322a469c;9a52f90e7699855718d2d6b919303429f6ee656f2550d8698d3443ab32b5bb07
88;Dylan;ABCDEFGHIJK;10;3154f4c0678b27bba0e81e479f145f6549bbea9c80eaf782627156d9cb1fd162;40d1d956fef025bf9572a0776431bf717be350d122b58302889a5860dfb279fb;1f0649628a4786fc1759133d43e1b5e89f09e023bc2892bf9bdcd0ab9f603984;79e94a5fd983a41a69c2630b6132fb175f0b7dbcfc7ce5c2375d33852411ab87;25b8134a3119e84d462193c0fe62106319a3b7f6c7c15ab1de48e9052517bdc3;6d35658c9855e52bcb2dafdd6320c124651ea2935c626430efb7ff304872117e;233b8dd88b970b94c3fc11fe491991b3c1531e388e739c6a992bc36879a27d85;635e0fe1f0f2f5372ebcb017d9dfd33c63000158106546f0e7e157f0fa1a1229;59d8714fc3ea4449f1a6cd8e29bc100e76716030640806f2345b8b52315bb4fb;db719dea4429b13cc814a67475aea86a78d343fea0dacfb95d572d8bd1a13956
89;Brooklyn;ABCDEFGHIJK;10;3fb3bf96f71e813709eeb0f9e0c85155746f0ba733839b64e22632507c33c023;803b34bd70c6c1cd0c358fb5b3365a8cab2163c6ffe55f1ff5ea17a780d8629d;dafdaf68d23d882d593fc5130d39da2c09bc0ab5e1ecfb37c216539b38a4c00e;06d14e7e06d67133c4f3234ace87464f100144d6aa1eb66c8c4b76a1db8877e0;372f8f3c5a729dc7683afe53de61ec0e97653afed855db31ef673f184fe4edea;9e33e213acf37cb67246810b3dc24dc30bc5c7210118c8592fa7f33ae57375f5;c93c906e49f6dba5dcd46c47981ac47fba5cbdc6df2d96eb2aff916649e23320;1d86bb47829d6b98b0de461b4606f5fa6818e006015adab3143c6f6d6fa7c916;8756a38ec80ce8512e0b4c47f931d1672500b821d079a39a936ed80a191b7a2c;31fbd4158e9c28176fd5b19163265fdcb358179fc562410c8d5b9c5790137513
90;Samuel;ABCDEFGHIJK;10;ba1b2307251a795b096b5524269d4aa2ec2c86b6816c2a0ef26d5ead6df83117;6651c281e93d4b2f2821af475189125989c46f3c40d456a4cbfbfb6bc29d5c30;b649ac15c3388e55e5e3ea3f84fe5e005d46523b152ce8b5555d98f4f1d859f9;daf82d2efbf363a9927f300600560e52adac2a9b25f5246f576eb203acdfa3fe;d1084a1cdc10c778056d22a41688b5437918dffc3b246a05e920ed83c714c658;1f49adda38e92a7b1e0c20b78fd16f5449906c2e5708b21a8a8621c7c7776ea3;0273d0dac2b93234925b96831a186b24a7cb6c5c264b5e92a113f799d67a998f;948f9fba8d67f52d1f2a56cec08e5a1b96878f6512efeb503b0eac0922cb0323;e418964368436ab8110f08a02240c2d1b704f7dd707ce3f97d57e033f19e8cab;cda2a8ca9623206e27a4dc9dfe189a16c046074e40b958dc676b61fa41cc9833
91;Mackenzie;ABCDEFGHIJK;10;f108a76b36f9850134a9c76dc02760e06d8fe105f830f845cef655e50c030c27;7f8926321c984e95ec02f825aa5783c58b43cd92a57cab3824923586375ab491;b66d7c96d929ef14c5ec3cb1de80cb2f0b21504d774daa43ce94b6c2663145f8;c35b4c33141b25b75a77cdcffb1c328fa2fa8025d13d934e8c1d61560c26cd07;6aae87177978ebc20c22ab788ea163ac7ab90bdea1e5839ef24b91196283394b;791cd4f1a2977c197049fd36aab014f6d33fa0d19f590205582276e772a1bec7;e0bdbe562f7251c835a6b978205a884a71f230f07f35dedf39deb238a9f9199d;dd6bf4f46e196ffa6bd7a9847d1fae63c5829a1ea5b8a3a9963a6ed3a0ab4bf0;78acbe713f6e84af9d12e0a9719f50c2e0e18c5727626bcdc5691a6a66940ecc;fd6f7bbc863e7601cd8bec2508060b94edb061608fc1941dc896563e91e236b8
92;John;ABCDEFGHIJK;10;2ed104fcbf7e6c8c3fa102994d323e2d16569903d7a2478e12048d7d519e8e8f;71743de1ec0556ad257696ced07f58d966007db0b41bdf9a44efe0bb41bc0994;74e248f7e5d960c88538bbb5d0877d66f190450692c9d222e31e854eb32d858b;e16bc3d6844f12fd68649095111a56fdaaf3bd830a778f6627b04653d1018196;c8d12872165187173dcdad4a056590e5dc1d233c4d84f5cee7630c12c5c89be1;841b27fbde0da9a5e5075ddc5b7b809eb85364a844a1a0edd67fb001966cb2c3;d0068e2fde9cd7777faa8b7eaf0840922725902093cfe2c888cbdb1a7957a10c;4a7de22c596858a4e43bd30a722ad894580bce1276f3a11057606845a13dfcf1;7bb24a51988123d6d5cf4dcb488209f7b5f89c2f662bf96c17c8fa394514ba08;c200a335d75f6d0d64250f34250255a2edbe116efe39b91b80f8ed36be176dc6
93;Victoria;ABCDEFGHIJK;10;5cb41d38bd29939d3df830d7fdc7a64b6cbbcdc464274ac6ac509ddf621d9a5d;22d0e2d983791727d7a2df0394668724b7219cebb60aaf2a88de7175a286c8e6;466e51242f12546bf8150e538e8ab90c6cde947c21af19a6ddd4fcd8e0b5a7c6;f92361727994d80bed45affcd8049e20cf4a781e9548cd075a054431232a1a0f;0169396f0fefbf04e7a1900bec1b80ca4e84ec42b0d8a9bf8af938fb7316844f;28ebbacd9b68c296965340ea39cad3bb177fb661cbe477a4db0f513eace11d6a;84d3b1634d6a1404406aa72333d218b4276be0657604089e8eeddc4b2dbbef6a;1b7aeadc54fc9b380383670b5cdf619599e8afad3af18d8bcd759af395b1015f;1575e81fbd0b1f209d87fd233fdb68e1c1d81e784f9c2c5a1f185a6850e350ec;e5348ebc9395bf862a8921cf2e4f55070f6b92ad76d7a7722db86bc9b9d929fe
94;Nathan;ABCDEFGHIJK;10;061b5800fb35787eb964e67b9e5532a041b59b9104153e05413720678e8aafa8;a6ac293aa6900783335a446163ddbec036837b98e6c694e037c7b508fd2b97da;effc4eac9e16cea024d8673ca2111e76029d8e9ef08ae755e48e9c26d3da37aa;9da12c1ecabc41c267c418c2c4733e816eada01b3810898f4c7b9d52e3d94dfd;b3100a35aeba95780e3d3cdbf6b7bb6e062743c1724636c95d435e70de6903ec;e2d2066fb634a15ab39d8b213660898ff315a4257b63b31368d0dea61a6a548e;6a6ba7dcbbd1ce39186f9cb0a3507e8dca00c266bd7e2ff2d3adc313ac6e03ce;b6a793144da7ab97bd88922fe7f3c6adf5964654ec230f8b52bd874842eeb2fc;ecefc85a1648aba695b9e5d6d1f283015f298870753c7f000cdcb70703583145;4711209384f04021b2419960450bdd2228f2e62c147bec8152d61a5f74d70ef2
95;Luna;ABCDEFGHIJK;10;5d375c45ea629915deb36fb7d4af1f5979686ea5266cec0668ce060683b66854;eaea56ffcd6c17000b40a15d9f72786b91b1d3d1a248ec70a6234d412f1d0d91;118659ba07abc6aac00c0518b0c4eb268255fba2cfdfa43d7c7b42200fd96088;5ad53f3d5c2371e9a00a6c9b78d3e9a4ee2d236fbf4a4232e75d4e471b087dbf;60ae0947881dc18aa53d9dca2384c7e1ba51747b1a3fe6bccc60e2ccf791491c;a0144df72b5e4913d9eb674abefa6eb8b6add18c6bec6d985e8e73fe994b8602;e85881a940114b37629374f6a09fc9c905e83f031774225f7a5d8662e177c5df;433092bf988fd2fc5a5f07a86b0e87e9a3139c82969244ae66917310e8595713;fc2eacd235513f006209dc370f72eb9c363fa057acbc6c7a3a2ea39885c92175;83fbb2cc2393d7d694b28bbed41fdd07b9edc25f50051a01607fb4490bacfc55
96;Leo;ABCDEFGHIJK;10;876bfdb946504e134dfe3c5d237b764ca8d9a1d4b2a5ff7638c47cc397b3ab2a;f41cc45ed6afb55ee1897db8dba57da4e498961a8a8d508b4ef1d4ef212c98a1;63b4b841b6d81310834f3d6df301d3500fb97a2fe59339669e4e8a27c2c8c858;7032e495a429340901c8c35d2b5728f019d8be03ae26a2c7ab68d61f254c7a27;38f3a6b5e9786fae045d1a80edb5e54ee5d7d92766fe87bdc03dc12d47db6f14;4720ab6fe1c8b1ea101bbbca26dc11fc769c0edb7246b663c10b4539790fa925;962aacd3c9aef9025d7f17badacdf1a8d1b8ac71fa4dc8864e0d53f7faa339ff;a2da039e08b5b4f2e10b10f7944d9c51338e0f01a156fc5fef62c512ccd44fbf;2452c7d6afeba23cd94972e6f864ac9de10585a1bdc1dbd059b0b87fe2bbb8d3;73a00f5cab31b5103b04efb5bb1428612d86041e02408c6a94df3e49bb8bc7fa
97;Penelope;ABCDEFGHIJK;10;d1d91dac62a4e85225e7a31cf33ce5bc287f175deca8f8d64216153f89fbdf2b;c6569dab9dbf27671c6c36e152779fb9e602ee2624710aa50175744d1e4fa676;894e197755954c0477be7bb8905fb8d57b070bace12384cbee263fd7e66c4b47;0bb1b0adc0417239f0050c8c4b9d7ad934edbdf0b71627d7d8dbb4c8b81a2a38;9097ce62bc7d21c0e4a41c88c91caeea91585641910e76f928b3f94c2038ee89;732bb2f0716de927d52f52ea6f0d63907c8eabea0a1dc3a112bfaf18f3b8422f;6c6cbd3c55a1e834a263f1bc311791539640cfd86d7ff815f122ea30eb812397;2df6fecc010fedcab7bed37f501109d9fd5ff3a9985f2fa399b13a0cc881f4a9;79d619dc127492293df54d14155bfe0234fe316197404db467490162ed85e2d1;1ce17f02d889a6cea891a2ac784fa1dafe788f6aebb0252c94f14bd9f327015b
98;David;ABCDEFGHIJK;10;63a161e99d0f073081a8f8b3e9d7dcc85431d1da4fc755c1dcadf12eccb0df1c;1210143eaf48ce0520d6b408bb6f50330d828f0dcf53e0879dcc82b4347158a1;cedb886bfeb4664b8238737e3b11c9113c4620bc1761fe7ab4eccc9e29c31ae6;130e6f979ac936c4cdd5234dc7fe0b3beaa3f5dfede1ed50d9b1d0cf9f3c7496;7ea6bfe3bea1d7137eee4f9e1399925a44f33aee7e8a3154feccf8edb01f3f6c;8b5e62290c07da137bf8adcff4bbd1c6487b9f8393bd53814815e59d66e00b5d;592b445fd59bbe21c4fd8a729818d2a4130d8ab181dc5a7cce0cdbddd029de38;6cf9b0acbb276fd5067b5a6a7027b2663e97d45c7ddf875d03750d8fbc6de7ed;c1e16940e164dedaf7f7c49d2a0ce8eb778e032098b29c7af9b6b0112cd1e120;a77fd8f5f03fe3a79d22431c6fef6c8c416f1acf4ce5331e96166aa31a948e8c
99;Grace;ABCDEFGHIJK;10;27b0a546c00b1cdde9df8055752fb882b2b5f8665c3e98564153912e921afc53;de92e77cab67e8b284e1d5b0f48763fba23dddee2c978df8306a52bb53a2aa76;b725880971bd8d1d21918cf660e749a2ac844a1a610708ead067caf20c504e1c;723496d6da49ccddfae9c5ba387cb90930d52133c74ce76ba0d7e128b07decef;64a587f2c9234dbad0966ba0ff6a5bbcb091300f545aed102af42b68d70cc4e9;ecdc6da58d8f859914d420dd7ce866d4f69fe136d55cedb7c7db5c22d592335e;73e687b9b38f142988f0173d4de5505c84495542bacaf400550d8dbdf4295c14;d5f4ce33faed3dcf4b24477c900f37a112554924b82e48e6119b59df5e041052;cd28e0fe244d7ff2161cb789aff20c9e0b0c49126bb07466a5f08e70aa312cec;7e6d72dd0a2b25b392c72ee6c3302789e52dd8dd3521c6abcb646c34c785cdcf
100;Adam;ABCDEFGHIJK;10;b83279ba9d7a3178412ff179c927dca861f123d9bc83e0abe7b52792937d87ee;3b7983ef72593caa9f361fee7d3dc15d08899b3d91a643fa86eda03de35b78dc;7b9ec0e828d1cb7391aef067d2769357d1118b4ee7826662d3905cded0013da7;20c940ce873f06a408aa92185beffc626895e3f2685bbaca58a0e2b99a86b20a;1bf90b1ecacf37291a6015d8f02aa6582ec471e35b456f622c27d2acdd3bec7f;de0d929a3dff48dbeaeffdf67703ebc5ca221db91e50548cc0612f4d306cf1c8;b3ac7ffb9d67a320c05ebe3eb6f8bc26b0ca47d5daecfd297e0b517bfbf19c58;0a442cc20ebe21f7f75a5608bed8854218e53c9dd8055c7ee8c13e9857428d63;67e742434c6351d991ed2a9c5c732fe6edeef8ea6922b56d45c7b3b7c6974324;9433e9d88d6ae2219ca02f29ecd5ab77f1040a22934660011933743b3cb87b0e
